city,经度,纬度
七台河,130.95111601593072,45.786481438324344
三明,117.684391667742,26.2819709964512
三门峡,111.46507871029964,34.73239098656403
上海,121.49088941371842,31.254233227460414
上饶,117.62624830693801,28.6533787007014
东方,108.636330724765,19.0492638617661
东莞,113.65312443008294,23.018356163598863
东营,118.57450268843984,37.418691343764145
中卫,105.46993990753775,37.5702416536869
中山,113.318914530347,22.6977174555735
临汾,111.49375360780984,36.10788154340138
临沂,118.33912012852929,35.20211590916173
临沧,99.4316682880794,23.3622168138122
丹东,123.49340342283,40.31179832438245
丽水,119.76684617895467,29.0541481646912
乌兰察布,113.179295133265,40.91858359268772
乌海,106.7861416114901,39.501526185308734
乌鲁木齐,87.68952420872448,43.956394135139604
乐东,108.682660953596,18.5403200203888
乐山,103.82578344446664,29.373030847631927
九江,116.1079339091119,29.724325665531445
云浮,111.94296434795667,22.91681678225483
五家渠,87.59594282593545,44.27382541065565
亳州,116.310758009613,32.870094824044074
伊春,129.17394979358434,47.676854478906485
伊犁,82.56151159153883,44.09034111535838
佛山,112.99302255960325,22.948522330509636
佳木斯,131.214230230529,46.96541896374911
保定,115.47385816832156,38.860258211080286
信阳,114.1412349611085,32.10913486508595
儋州,109.183455294047,19.7733135851415
克拉玛依,84.94424157226294,44.9494698060761
六安,116.487154144504,31.7559318936622
六盘水,104.70054152344885,25.985992148765817
兰州,103.69517461354,36.2872793025191
兴安盟,121.872681903879,45.79117658977488
内江,105.048426714798,29.53966474496225
包头,110.15279583876686,40.631677141384266
北京,116.529108587126,39.8849180472437
北屯,87.7286025426689,47.2882490177924
北海,109.45746845335525,21.547616255772375
十堰,110.734436706376,32.6868494963326
南京,118.80721021382932,32.154794043821035
南充,106.074991811087,30.6259620542157
南宁,108.92546853147401,22.948012106002167
南平,117.460674635334,27.3835866240736
南昌,115.9409394564205,28.817319719811
南通,120.82361942814941,32.280357728423205
南阳,112.56531138869133,32.90414010549431
博尔塔拉,82.1443708190198,44.866611903912
厦门,118.03638304588799,24.54198290946282
双河,82.2754192549866,44.8278357818532
双鸭山,131.98760485056613,46.57802314582477
可克达拉,81.28457085267797,43.874218522759
台州,121.41625553693574,28.69243982227133
合肥,117.34607207927779,31.75145734920244
吉安,115.319632963297,27.604831784388665
吉林,126.64201482821807,43.865785716829855
吐鲁番,89.01781165376386,42.84653757421105
吕梁,111.37277102827834,37.51531948605269
吴忠,105.97713256020657,37.96110882851536
周口,114.6782940124535,33.802250549192095
呼伦贝尔,120.6082889313961,49.14938608784571
呼和浩特,111.62209417470417,40.50893111154971
和田,79.905172317532,37.1670675336879
咸宁,113.891753978937,29.7752141947179
咸阳,108.4571826946692,35.7759410388353
哈密,93.6789860479151,42.71480853082139
哈尔滨,127.151647320789,45.74062569980542
唐山,118.38145311597822,39.6327445126791
商丘,116.0648100893416,34.1609287643494
商洛,110.059464051257,33.803958747321
喀什,76.0450007758071,39.4783972126117
嘉兴,120.79997509220182,30.641051181465965
嘉峪关,98.3069221903626,39.7942219968872
四平,124.10793657357101,43.292711634927535
固原,106.2226397179785,36.105106477887546
图木舒克,79.0350195131245,39.840236295633
塔城,85.41239089151834,45.187232753428
大兴安岭,124.90602131682326,51.222201306962546
大同,113.2530753697154,40.01700572511603
大庆,124.7871497119105,46.57576844666037
大连,121.7487175312025,39.16287894070138
天津,117.54245054639935,39.144934349955236
太原,112.293423434676,37.909392522939164
威海,122.12637638606309,37.21238934228223
娄底,111.686496165638,27.69652904754185
孝感,113.7465290765036,30.8297829771286
宁德,120.04652383454601,26.9660349887337
宁波,121.64516143113721,29.914397328084448
安庆,117.10180551578301,30.536290904118303
安阳,114.25238298875284,35.97934718069093
安顺,105.6862062750355,26.2187482258732
宜宾,104.8093650951148,28.611341594521257
宜昌,111.57690073199815,30.52618129444053
宜春,115.27550926724956,28.099259969971676
宝鸡,107.50468052409371,34.44777180713163
宣城,118.869495702378,30.8731008652644
宿州,116.92446570597238,33.99291477029688
宿迁,118.3588318126956,33.895814783695485
岳阳,113.207910919921,29.456183987015734
崇左,106.815824215484,22.441230108403
巴彦淖尔,107.57179032260437,40.80798851471416
巴音郭楞,86.7472446228759,41.27887644220533
常州,119.81991393401388,31.772537963866423
常德,111.66708987805255,29.371072925892413
平凉,106.75716866880066,35.32433096515714
平顶山,113.17715110961687,33.82727989508546
广元,106.195385291159,32.2115683175782
广安,106.82418980778,30.5285577859104
广州,113.52797911477,22.8721142385169
廊坊,116.8077031052985,39.71762857218665
延边,129.26695831463076,42.9210882506307
开封,114.4266193234845,34.7689624718077
张家口,114.85944379427417,40.4885652733336
张家界,110.131577053904,29.3812967230355
张掖,100.462481806672,39.0667155495467
徐州,117.52731520118125,34.257391261277185
德州,116.54836846083111,37.264283665138095
德阳,104.222360712366,31.0513215810207
忻州,111.846321177392,38.77934142405361
惠州,114.437788685142,22.825973754295962
成都,103.97328861301234,30.371832116229132
扬州,119.32121438736488,32.29330433302345
承德,117.70642567573249,40.67978793608227
抚州,116.5799186340855,27.984572773983302
抚顺,123.978389774025,41.86594620149918
揭阳,116.547513979434,23.0061653827901
攀枝花,101.677235925551,26.569365264384
文山,104.141229533564,23.4450488382207
新乡,113.89874244516908,35.314497541512154
新余,114.7620823355025,27.7762826651621
无锡,120.20626151325658,31.72167700905318
日照,119.32975169197286,35.40060814676919
昆明,102.91097439151366,25.26254666142242
昌吉,88.50519994811894,44.46451860679159
昭通,104.912918422335,27.6888345799889
晋中,112.55065855590615,37.282754231728276
晋城,112.7089867893585,35.49957740503746
景德镇,117.171745380834,29.02745100749674
曲靖,104.17567767540814,25.556047873999983
朔州,112.53977636254301,39.51178408001645
朝阳,120.49812982170367,41.641053651089166
本溪,124.58660099424151,41.314418419731055
来宾,109.04351832964333,23.625646483653355
杭州,120.21990950834159,30.096088912443566
松原,124.69990034572434,45.18280030554644
枣庄,117.35787453302274,34.892795650823835
柳州,109.47303431180266,24.5154596605033
株洲,113.28501040105999,27.55051949020215
桂林,110.068596525022,25.1012623562476
梅州,116.33981458914967,24.4947973861064
榆林,110.10587969300897,38.46414180380242
武威,102.6878413336085,37.88783084276875
武汉,114.39284769203557,30.573822694060443
毕节,105.74351838686613,27.0618622210249
永州,111.496815599144,26.567375403865
汉中,106.144720549067,33.3460381446394
汕头,116.65055261943,23.2697678493289
汕尾,115.7687883649665,22.76857713020015
江门,113.03853435252161,22.294989941969078
池州,116.829303378918,30.1077006051736
沈阳,123.352832431323,41.883279185712844
沧州,117.24658657559362,38.26851387382116
河池,108.74182923663301,24.50549896431565
河源,114.6409094228175,23.5671112076445
泉州,118.65680808816762,24.89641830544475
泰安,117.17955089240779,35.987486940361755
泰州,119.87516005404909,32.49017994246752
泸州,105.54626073569084,28.593074182568685
洛阳,112.40932819474146,34.6473089484145
济南,117.21724139922352,36.59494925052827
济宁,116.71414613953165,35.4000409038064
济源,112.64379707443932,35.120593469582765
海北藏族自治州,100.911864645328,36.9726282967566
海西蒙古族藏族自治州,95.76769388665343,37.20154881544303
淄博,118.05180235754237,36.78579638247941
淮北,116.98421330501235,33.499295410501176
淮南,116.82428688454306,32.7069867223888
淮安,118.94325916397099,33.4380484841351
深圳,114.457070832294,22.6170825339584
温州,120.8142277404075,27.8455228805737
渭南,109.78361722822851,34.96930956138634
湖州,120.03859302320093,30.783757533853084
湘潭,112.924734719461,27.9007128157077
湛江,110.21408092478922,21.12646363175828
滁州,117.55481996781575,32.55343362347635
滨州,117.90054207598575,37.443081180046896
漯河,113.89806679459984,33.565605111712884
漳州,117.69940798931837,24.48734722312375
潍坊,119.13401388774746,36.61755616266664
潜江,112.70099938340749,30.34927127467055
潮州,117.096934399648,23.5662294151171
澄迈,110.032531844335,19.9598900973848
濮阳,115.122520098456,35.76112743808755
烟台,120.68820627173916,37.43260764424357
焦作,113.30758949713436,35.21155971057681
牡丹江,129.92929853639734,44.62997144294204
玉林,110.039243934194,22.5164893460985
玉溪,102.1411885694665,24.019359690950452
珠海,113.18900917019901,21.97475258289897
白城,122.81472491337833,45.4950897094736
白山,126.4589174540225,41.956824920434855
白杨,83.6003431369463,46.522261436376
白银,104.4804517368665,36.8039151717738
百色,106.98549230494328,23.52364861527385
益阳,112.272573548892,28.5983470422117
盐城,120.19680806912066,33.77880779474654
盘锦,122.0416842045255,40.961457668512026
眉山,103.529050044573,30.0177874184636
石嘴山,106.69059121302543,39.163341021772
石家庄,114.56046850551962,38.02759837955532
石河子,86.08429707953898,44.372700899971086
福州,119.50922237595363,25.908991253604775
秦皇岛,119.385640680553,39.88513346520092
红河哈尼族彝族自治州,103.20222253517899,23.845764843819335
绍兴,120.7070337463305,30.04525187852568
绥化,126.54427016575958,46.64712046898336
绵阳,104.67013309840475,31.747474957575125
聊城,115.91139812301711,36.55240026014057
肇庆,112.852217724962,23.3003179571103
自贡,104.4572440134085,29.41476552565355
舟山,122.0357164006735,30.07445217801752
芜湖,118.250630782141,31.3465784074509
苏州,120.78629954605621,31.489852333468495
茂名,111.04202217495367,21.56385470965863
荆州,112.25031395509325,30.050953490981687
荆门,112.23203846204467,31.0392949912341
莆田,119.03700417250566,25.17709181017277
菏泽,115.55002793311168,35.200985562608516
萍乡,113.854900990874,27.692136545954074
营口,122.158793914568,40.41381002149847
葫芦岛,120.6500254690455,40.578882389512174
蚌埠,117.28224453838875,32.9727749070636
衡水,115.809110682753,37.5977033208774
衡阳,112.74370519670614,26.850810387037587
衢州,118.92478803743933,28.960056500694083
襄阳,112.1156940560985,32.02452335086172
西宁,101.65842013576221,36.784524372447535
西安,108.864868400446,34.295719635703676
许昌,113.71845472389887,34.08223165235145
贵港,109.80452012402667,23.171777218480134
贵阳,106.45542644904424,26.845030030820226
贺州,111.5046834738535,24.3842551123522
赣州,115.16277110368401,25.637289133684774
赤峰,118.98042081135432,42.656884288785
辽源,125.160156319332,42.8712380565524
辽阳,123.341824280445,41.492810604727616
达州,107.32379117710025,31.0813735948993
运城,110.79416418792975,35.16552501695912
连云港,119.35442475988043,34.57967703016486
通化,125.844911184577,42.165140956182256
通辽,121.20110108472922,44.251717238421854
遂宁,105.44737872694651,30.53899917406705
遵义,106.52221343451372,28.0355302337195
邢台,114.66252998984088,37.231242681722264
邯郸,114.2765966557901,36.588889620420375
邵阳,111.398676541824,27.2007561697679
郑州,113.30404835763514,34.68849226160666
郴州,113.22756485256866,25.966405945715
鄂尔多斯,109.48167548860486,39.64469979340758
鄂州,114.641050370147,30.5520990379543
酒泉,97.4982953147449,40.1674756833972
重庆,107.13464798822707,29.73931783327867
金华,119.80125387087715,29.253788309269684
金昌,102.17788801990667,38.45505601840647
钦州,108.63466232358367,21.714180528883933
铁岭,123.81970918356481,42.47288818209394
铁门关,86.5142378516169,42.149491807872
铜仁,109.014187543652,27.2956101570101
铜川,108.9316093943965,34.90781576936435
铜陵,117.84368244174466,30.965624953949334
银川,106.5474039114644,38.138631820377086
锡林郭勒,116.25245544749633,43.71532350928245
锦州,121.16061887104551,41.10099891820904
镇江,119.53705118545662,32.1514404558487
长春,125.38444332726222,43.94834358602459
长沙,113.03470502848167,28.234960970399268
长治,112.98533589368172,36.40835293491357
阜新,121.79492550013732,42.04817195505331
阜阳,116.12439644687834,32.8813530132659
防城港,108.40826170756824,21.697051786763673
阳江,111.662987112855,21.5480357910793
阳泉,113.56501021862387,37.872223815661506
阿克苏,80.94153898668948,41.30434185326668
阿拉善盟,105.7438737229245,39.322445979790174
阿拉尔,81.20432755971771,40.5977333481805
青岛,120.20019639722278,36.276854335513924
鞍山,122.693681377793,41.13538849457127
韶关,113.6178228114828,24.9880861032752
马鞍山,118.4657735941322,31.68864396154988
驻马店,114.04080861696268,33.023874305178104
鸡西,131.03421474879124,45.3388083471713
鹤壁,114.17516072218433,35.7989346485499
鹤岗,130.66826372947034,47.326735374829234
鹰潭,117.225080869424,28.2882009049481
黄冈,115.125476403536,30.94435017963515
黄石,115.12763406826801,30.2149234181237
黑河,126.83755873054629,49.04971113755096
黔东南,108.271848364517,26.88394532348555
黔南,107.5296083380355,26.63325617538915
黔西南,105.11515299035159,25.30404719180412
齐齐哈尔,123.792528587075,47.35326759282126
龙岩,117.09142148383667,25.246027906397767
