prefecture,domestic_1e8m3,manufacturing_1e8m3,irrigation_1e8m3,competitive_1e8m3
阿瓦提县,1.3297714696090854,0.3628622726965998,70.2307822820248,71.92341602433048
喀什市,1.8644891008132445,0.19579408226404338,66.49521171367604,68.55549489675333
盐城市,6.9828949797991,2.1256599625721178,57.35147946098605,66.46003440335727
佳木斯市,1.269270117643871,0.7378248334721476,62.468921952148726,64.47601690326475
玛纳斯县,1.18449731287863,2.3227239298484195,58.865245301044524,62.37246654377158
重庆市,19.43595565932256,10.545725059995322,19.83181406590678,49.81349478522466
广州市,10.8334998526197,29.473681641995388,9.24375596190079,49.550937456515875
塔城市,0.560930326212644,0.12441832562526688,46.44161845509925,47.126967106937165
成都市,6.2173072661320825,24.33933611823831,14.656028649406396,45.2126720337768
齐齐哈尔市,2.92472810080915,1.2075074744825158,38.77514331758394,42.907378892875606
哈尔滨市,5.495728993095108,6.059599663353612,30.84157413029099,42.39690278673971
海口市,7.5193016992815975,2.7128491118257805,31.516865291364,41.74901610247138
徐州市,7.400863667571175,3.4939991710327565,30.80650385271347,41.701366691317396
市辖区(南通市),7.051749675942113,3.2783892936136385,31.273704365691337,41.60384333524709
上海市,21.338075267671034,10.945777555317152,8.901062819036177,41.184915642024365
伊宁市,1.1865593024069994,0.30064073848736006,38.8176563242596,40.30485636515396
武汉市,8.146182109132234,19.883531380644442,11.799145803135115,39.82885929291179
库尔勒市,0.717572555281249,0.41268571565326306,35.306284518102856,36.43654278903737
沙市市,4.6814002484343495,1.4647082453381457,29.509703139554567,35.65581163332706
湛江市,7.576396631942076,2.2581545454368834,24.2208345731731,34.05538575055206
通辽市,1.867257874513972,1.2681931834806968,30.374443094328644,33.50989415232331
淮阴市,3.7252917346332404,1.1942631858861632,27.2433000429671,32.1628549634865
常德市,4.404267946020252,1.672635449717287,25.530400466409734,31.607303862147276
大庆市,1.4154031009109314,7.557719523471892,22.017975398219473,30.991098022602298
上饶市,5.126948623478314,1.624375255995877,23.939776380673393,30.691100260147582
杭州市,6.4869960207951385,17.392842336427105,6.619277878340862,30.499116235563104
岳阳市,4.4144089332905025,3.4854141263704745,22.36090772910076,30.260730788761734
南京市,4.195045054933803,12.730782625689953,12.986170533471627,29.911998214095384
吴忠市,0.8122537217407084,0.7363666185728018,28.32044838580943,29.86906872612294
泉州市,6.375123274536774,15.374672694950029,8.071963917703163,29.821759887189966
赣州市,5.83132737122018,1.6956690883836896,21.91568276149114,29.44267922109501
宿迁市,4.0295633905775246,0.7327659771761438,24.501697741045643,29.26402710879931
吉安市,3.29662664592614,2.116084173954669,23.799084641460713,29.211795461341524
茂名市,6.437346219306736,2.8857781029523353,19.586774357231306,28.909898679490375
阿勒泰市,0.4358180684564598,0.06870204408533871,28.39518063138726,28.899700743929056
连云港市,3.7963970557015636,1.4942461549928063,23.52677258515964,28.81741579585401
鸡西市,1.0198176057424788,0.46682549576956783,27.054728283900722,28.54137138541277
合肥市,2.849701095230981,12.696986656571106,12.933356633958885,28.480044385760973
桂林市,3.947832475253365,2.836733354010843,21.54347581516919,28.328041644433398
长沙市,4.183965487778868,12.642866461947008,11.010542211505918,27.837374161231793
宜春市,3.929178553472704,1.7890783216571249,21.759063197371965,27.477320072501794
南宁市,3.054783507332565,11.950061892707945,12.293967377692834,27.298812777733342
衡阳市,4.927263494817035,2.0125712556058937,19.942892131134496,26.882726881557424
北京市,16.70943525357997,2.5326984195826823,6.88832492560898,26.130458598771632
绥化市,2.8296851714958247,1.433407767108587,21.697949268956503,25.961042207560915
麻城市,5.880584115862018,2.411732363719763,17.381230617979988,25.673547097561766
沙湾县,0.20571098026043033,0.02737005353063345,25.294129441726877,25.52721047551794
扬州市,3.7824000416875623,1.8097476640409975,19.68041332902194,25.2725610347505
沈阳市,4.034924622392119,8.65636556038126,12.578791684101068,25.27008186687445
福州市,5.640619691368635,10.834349558264483,8.629652496084852,25.10462174571797
南平市,2.5708920166899767,2.7101519446541555,19.689151234081624,24.970195195425756
扶余市,2.506054041962209,0.8393672574042901,21.592015083619795,24.937436382986295
双鸭山市,0.7943873182763473,0.6016004121302441,23.295145276305522,24.691133006712114
白城市,1.7280182564025286,0.41742014548752454,22.028394601950612,24.173833003840667
六安市,3.4587254509146788,1.0487626547413647,19.636528192342006,24.14401629799805
邵阳市,5.010225822310155,1.3936416713242512,17.704576943025312,24.10844443665972
天津市,8.667769960608656,4.625400864981868,10.671932805957354,23.96510363154788
保定市,4.9066408847024325,0.8829352355520165,17.70028058437163,23.489856704626078
合山市,2.9948570980217695,2.561012565590348,17.74077920493471,23.29664886854683
长春市,6.771270053241443,5.641408270507546,10.413808016152734,22.826486339901724
江门市,4.307077680134229,3.7095910604491276,14.566668520977272,22.58333726156063
苏州市,5.414706677705979,8.620623835376204,8.508080354264099,22.54341086734628
孝感市,4.013705365076002,2.269645553482324,16.106149277432042,22.38950019599037
周口市,5.949383313282331,1.537725435773041,14.777536226608209,22.26464497566358
韶关市,3.195960847581322,1.7436551353954244,17.26853570100679,22.208151683983537
清远市,3.613785545969003,1.2377914935890213,17.07402886850124,21.925605908059264
赤峰市,2.7100092384449956,1.1961072509027646,17.939521655406626,21.845638144754385
永州市,3.8746205017922097,0.8671007250215672,17.083858742148813,21.82557996896259
宁波市,5.936214173863423,8.507495299846264,7.140723795210886,21.584433268920574
襄樊市,4.500468873904529,3.0219954625709913,13.79558999825657,21.318054334732093
惠州市,3.9566802999917092,3.8138473714774848,13.344656911983336,21.115184583452532
荆门市,2.488119744262765,3.1600827509635776,15.40323892034139,21.051441415567734
三明市,2.3182532657678148,4.454806591002271,14.258499174073547,21.03155903084363
玉林市,4.161023841967328,1.0609229899527273,15.764702850284532,20.986649682204586
宜昌市,3.97574723781095,8.642163615354173,8.367420164443766,20.98533101760889
鹤岗市,0.6260172472701887,0.2748917948706448,20.07981344390468,20.980722486045515
临川市,2.8002850886752535,0.8633968907399476,17.088959949827235,20.752641929242436
临河市,1.038208373681225,0.5673704661643133,19.12697169430386,20.7325505341494
阜阳市,4.630602193255298,1.4959124198580533,14.238192451746112,20.364707064859463
沧州市,3.1784497117319432,0.8090458717147122,16.359058158322956,20.34655374176961
怀化市,3.4494061277785844,1.5855563773095236,15.19743549043371,20.23239799552182
郑州市,3.5835255612077894,12.374712635143025,4.094947157981369,20.053185354332186
九江市,3.395313652643843,2.8423726878970585,13.77868109383876,20.01636743437966
和田市,1.0471881920093356,0.039801632461249827,18.85573781419525,19.942727638665836
菏泽市,3.670036789797959,0.8896107488338649,15.07904119506129,19.638688733693115
武威市,0.6579597625290906,0.38855303828336296,18.31866980918004,19.365182609992495
南昌市,2.4398324237437143,0.15032425326984378,16.756852356649524,19.347009033663085
亳州市,3.265660516029228,0.5184044770705607,15.542565457562176,19.326630450661966
信阳市,3.946810722377438,0.8615958244034274,14.421837035483943,19.23024358226481
贵港市,3.054774396028468,1.4824982730076834,14.594729430672954,19.132002099709105
商丘市,4.934425595962212,1.0692760367238336,13.12566523878986,19.129366871475906
南阳市,5.897517068867264,1.8662242509351485,11.331400871294841,19.095142191097253
益阳市,3.041915322855542,0.897280093559837,15.043446511038912,18.98264192745429
百色市,2.8615039472726997,1.8156567435622588,14.160252775822668,18.837413466657626
驻马店市,4.614519442086994,1.8501752439124601,12.28599888401041,18.750693570009865
邢台市,3.075669647989121,0.5636185707862559,15.077807516959274,18.717095735734652
宿州市,3.30427204750356,0.9078544403951243,14.406517596352945,18.618644084251628
温州市,6.688921376706511,2.2761979428439587,9.485969851673179,18.451089171223646
郴州市,3.4558790990545916,2.985153521446772,11.851826219476155,18.29285883997752
嘉兴市,3.857289576520731,5.27576413696097,9.096461959755107,18.229515673236808
石家庄市,4.617733600894986,1.6394385043945687,11.811276838310311,18.068448943599865
邯郸市,3.813003864846992,1.4278742638790258,12.817668543709498,18.058546672435515
张掖市,0.45184055981451476,0.3489461299061775,17.197849060481385,17.998635750202077
梅州市,4.305046138180078,1.0215444963719789,12.626382908343805,17.95297354289586
潍坊市,3.831189953734324,2.8222719242551317,11.14581822938246,17.799280107371914
德州市,2.5121524348191144,1.1325348326096847,14.11749185064691,17.76217911807571
凭祥市,2.02571457931888,1.0966217918905243,14.517183440758373,17.639519811967777
河池市,2.839835136511054,0.9681914950723574,13.322619894661472,17.13064652624488
漳州市,4.315257107536064,6.388356655988889,6.353004756143452,17.056618519668405
佛山市,6.599772557210165,6.359539853141754,4.043212578046777,17.002524988398697
唐山市,3.223020515438404,2.534871083512163,11.155438260536812,16.91332985948738
安庆市,3.1072200647506465,1.889173373802721,11.764227573071945,16.76062101162531
南充县,3.8969334438189285,2.271592795958733,10.570481066150752,16.739007305928414
常州市,3.0274675757590366,3.6156484243530036,9.981688584181757,16.6248045842938
博乐市,0.3045919361335829,0.03606739347247407,16.239427880116732,16.58008720972279
衡水市,1.9768884579933517,0.36149114398802745,14.192772422808048,16.531152024789428
肇庆市,3.8299982034422735,1.4571179163540526,11.133126065525481,16.420242185321808
渭南市,2.2206656715895305,1.0554088033291884,13.05259271603696,16.32866719095568
揭阳县,5.968605113554205,2.927934546337053,7.388219403339664,16.284759063230922
济宁市,3.747887281267165,0.9098593940788158,11.549461178064927,16.20720785341091
绵阳市,3.1670740570860003,1.6950518606589118,11.138446346355355,16.000572264100267
钦州市,2.397731847641675,1.5053471446032076,11.956207019185637,15.85928601143052
巢湖市,2.2789672688893945,1.0486463420951366,12.48709492709119,15.814708538075722
酒泉市,0.3242549884216861,0.5514764694381505,14.856135207553722,15.731866665413557
吉林市,4.656662241048896,2.6123349314181135,8.288621610922384,15.557618783389394
东莞市,7.2542813816772185,6.436678815886676,1.8495154260993676,15.540475623663262
马山县,2.0038317656102196,1.304829347165525,12.131170690090347,15.43983180286609
滁州市,1.9283961351134318,1.4890259056297364,11.775603634453045,15.193025675196214
聊城市,2.5910162354244317,1.1256644570895658,11.373133393938769,15.089814086452767
金华市,3.626578993051034,2.2938322060580316,9.159834643486118,15.080245842595183
达川市,3.4068903215574946,1.3767857440536468,10.198492267622552,14.982168333233695
临沂市,4.425750071231282,1.381012281494122,9.13029733992273,14.937059692648136
龙岩市,2.4537726805424565,2.5147612670781836,9.954688031785775,14.923221979406415
乌兰浩特市,1.1104487571934338,0.19765714791378008,13.570346383875055,14.87845228898227
个旧市,2.2899312359618293,0.851710548962513,11.620097282387224,14.761739067311566
新乡市,3.5485222873877134,2.279492553180759,8.906685597446911,14.734700438015382
遵义市,3.2862866244660425,0.49456203340500593,10.890100798463349,14.670949456334398
株州市,2.811171544037526,1.0536217512075672,10.440190976093252,14.304984271338345
深圳市,8.772245507131913,5.0190104218724185,0.5032841051516674,14.294540034155998
阳西县,2.5324165784880543,1.2053352342489734,10.505324342253653,14.24307615499068
河源市,2.5637432259943465,1.3204254683533683,10.242894553530634,14.12706324787835
运城市,1.9816241303944826,2.387472242086944,9.702539318326592,14.071635690808018
银川市,0.5474363867952751,1.3349577743051015,12.189221011239898,14.071615172340273
曲靖市,2.7789045042741733,1.6536988844406744,9.594758739409125,14.027362128123972
泰州市,2.2679991314924797,1.7234591694954038,10.011567998086685,14.003026299074568
绍兴市,3.5972393460065435,3.9161788516148364,6.467694514685938,13.981112712307318
青岛市,3.5205773273246956,1.64853083760879,8.694573269258525,13.86368143419201
西昌市,2.359601911413164,5.61252345091666,5.746341950003067,13.71846731233289
凯里市,1.8232306764396464,0.5539887507277099,11.308264961648641,13.685484388815997
滨州市,1.8424329509599444,0.9634118882528646,10.77225720214121,13.57810204135402
宁德市,2.753357453507393,0.50121156873554,10.249640220853765,13.504209243096698
镇江市,2.11137055300509,2.611716047787964,8.762687836444092,13.485774437237147
汕头市,5.455469977413379,3.4072592536708717,4.569281902505463,13.432011133589713
张家口市,2.100745855162238,0.5191442723049421,10.803459461642214,13.423349589109394
宜宾市,2.838766412272428,3.0973586426474013,7.394370476965988,13.330495531885816
娄底市,2.761458186903784,3.0510444752178527,7.365762468661677,13.178265130783315
四平市,3.0091305325919473,1.4799832599271534,8.488640802118297,12.977754594637398
梧州市,2.466282817952399,2.347255277773915,7.742451711603092,12.555989807329405
泸州市,2.4180267119165073,1.3216867040757347,8.774113844203475,12.513827260195717
德阳市,2.222626211162777,1.8709356067064777,8.125147072395247,12.218708890264503
安阳市,3.2855876329098708,2.435603772745393,6.444806308626228,12.165997714281492
西安市,3.204019966053193,3.2351195926795757,5.721026261204186,12.160165819936955
云龙县,1.677557536054767,0.30252559830647896,10.124804388940158,12.104887523301404
台州市,4.177003645191921,1.6960580147779407,6.054245877351818,11.92730753732168
海丰县,3.3726802074361713,0.8815713981257006,7.667155017918139,11.921406623480012
仁寿县,1.9906492475893978,1.2412433899757918,8.643709099326134,11.875601736891323
市辖区(石嘴山市),0.31606842726190665,0.5996204271888733,10.958611808424166,11.874300662874946
牡丹江市,3.578000202099299,1.6348219479623034,6.636864185612503,11.849686335674106
资阳市,2.7801514091134982,0.8988519892167859,8.057089252382411,11.736092650712695
烟台市,3.212506634662259,2.8449216333272216,5.594750719366018,11.652178987355498
昆明市,2.7121512656427793,2.4172478134749364,6.303316393545263,11.432715472662979
平凉市,1.250938160950386,1.2457368673928828,8.828875847737748,11.325550876081017
铁岭市,1.5698118665346525,0.8161780319630226,8.936802372010918,11.322792270508593
蚌埠市,2.0334963661394836,1.6139923909338192,7.618098605822524,11.265587362895827
朝阳市,2.0158794926716324,0.9124301328291755,8.332716069329265,11.261025694830073
湘潭市,1.899978120162945,2.4227598514065516,6.837229949612845,11.159967921182343
咸阳市,2.259490822465074,1.7673508139250613,7.130296917852064,11.157138554242199
开封市,2.6717136675244952,1.0800010380575806,7.3961658645952415,11.147880570177318
贺州市,1.6388001165433954,1.6961956081482021,7.727417437221821,11.062413161913419
吉首市,1.8590345008033982,0.5315906815780885,8.622562295356744,11.01318747773823
日喀则市,0.5995361551298705,0.0031093522423133253,10.407811024670135,11.010456532042319
锦州市,1.910717774122227,0.7611623080697236,8.243679485618683,10.915559567810634
海拉尔市,1.8227854134994295,1.0951938747949432,7.959178197072559,10.877157485366931
文山县,1.756319936977353,0.41234919534260406,8.679618724916441,10.848287857236398
咸宁市,2.3964597955307005,1.5566535674640536,6.891132031472548,10.844245394467302
呼和浩特市,1.3560726940139152,2.0870775650947544,7.230045449787327,10.673195708895998
华蓥市,2.381183140216703,1.4227601063124091,6.867976771263784,10.671920017792896
丽水市,1.7022479454861121,0.9296605055036395,7.807062351857672,10.438970802847424
集宁市,1.2971395984461835,1.276024758049911,7.726205165040522,10.299369521536615
榆林市,1.4525176201689929,2.051344032836724,6.735853949654619,10.239715602660336
都匀市,1.7565302904751041,0.541953360823961,7.909576125466652,10.208059776765717
东胜市,0.795222838967473,1.5531886801958457,7.8383767555589445,10.186788274722263
东营市,0.9817996300464659,3.379713204788696,5.414743537826145,9.776256372661306
宣州市,1.5388163697243278,1.4327865637080837,6.7684487988170305,9.74005173224944
无锡市,3.126013791117147,3.7687545777523517,2.687340863846255,9.582109232715753
平顶山市,2.8962819989273694,2.271031758474745,4.316692334490043,9.484006091892159
内江市,2.427935748126196,1.1639603714571614,5.734536012732906,9.326432132316263
许昌市,2.548866623459625,1.954542730916366,4.746635344977608,9.2500446993536
贵阳市,1.6501022513896177,4.8235572312258554,2.712316575115892,9.185976057731366
兴化市,1.1380428936570957,0.09628092190003022,7.903954915015492,9.138278730572619
兰州市,1.1795522923997763,3.0767996907778827,4.86346994561246,9.119821928790119
济南市,2.3758403493833837,1.1769025892854947,5.556760645440368,9.109503584109246
乐山市,1.9353257559167352,2.096861031911187,5.048006895223641,9.080193683051563
云浮市,2.2925456479208397,0.7201624690169096,6.0477513551398605,9.06045947207761
洛阳市,3.588958481450344,2.5043512498269043,2.9212619370118276,9.014571668289076
芜湖市,1.2732556091160223,3.6313024488056636,4.063483154157166,8.968041212078852
临沧县,1.2191382430963427,0.09128969607729465,7.603110656058254,8.913538595231891
柳州市,1.8699336828926152,2.1652870618291575,4.850780336927694,8.886001081649466
随州市,1.9290532327739969,0.5907752095064148,6.307258553203724,8.827086995484136
包头市,1.4640419397693727,1.6259388694958201,5.706587571368679,8.796568380633872
思茅市,1.3280188544366054,0.2034608285197988,7.239890139839916,8.77136982279632
湖州市,2.018856887624382,1.257623758718497,5.476098251460201,8.75257889780308
泰安市,2.337039986293551,0.7137273201652383,5.624225838483244,8.674993144942034
新余市,0.8172899528529278,3.8620062117555745,3.8992636013775335,8.578559765986036
巴中县,1.9275558450103478,0.4204848875602521,6.217260306775484,8.565301039346084
铜仁市,1.584048427787666,0.21303880157363603,6.760710170048242,8.557797399409544
宝鸡市,1.5757449556948144,0.7366171870886907,6.207536386328591,8.519898529112096
马鞍山市,1.0802513913707774,5.235016626397073,2.1764629703861376,8.491730988153988
厦门市,2.281971124329302,4.480199431240559,1.6815976683024416,8.443768223872302
大连市,3.2705274147122045,2.561309110362843,2.6091225361277344,8.440959061202781
衢州市,1.757970738674774,0.8270565431943675,5.793751246969457,8.378778528838598
保山市,1.2548609825244632,0.12040086849635002,6.990018060659451,8.365279911680265
焦作市,2.09181142537976,2.6333987036054487,3.4967017466847894,8.221911875669997
哈密市,0.32914958367946884,0.10967921912615186,7.758665751307368,8.197494554112989
鞍山市,1.908250084817201,1.232077179456167,5.0570075269839165,8.197334791257285
濮阳市,1.999983172496851,1.2781536928155088,4.895184963996871,8.17332182930923
盘锦市,0.6315704322866266,0.6132487745437212,6.925830321849504,8.170649528679851
楚雄市,1.3933141711410737,0.20618712285719581,6.556166961587037,8.155668255585306
遂宁县,1.9694080940328658,0.649255813312158,5.405948463793175,8.024612371138199
临汾市,1.6838343489620515,1.4607420317173656,4.768128506456833,7.9127048871362495
廊坊市,1.254428560296039,0.5505612082091683,6.043248687173582,7.848238455678789
自贡市,1.8810520846849696,1.0160905694978126,4.920488250383277,7.81763090456606
昭通市,2.5342245510572123,0.2711096192931011,4.9728765973919495,7.778210767742263
阜新市,1.0186519851710731,0.37581339141552134,6.317822367258009,7.712287743844604
中山市,2.804322606104581,2.6485177513313296,2.2539488126006297,7.70678917003654
淄博市,1.9344377443812395,2.616730399516113,3.1474345299984066,7.698602673895759
天门市,1.4344445579399652,0.45726846857801084,5.716865456095547,7.608578482613524
广元市,1.854796254945256,0.6158176018210141,5.09227048880892,7.56288434557519
仙桃市,1.1786015524505646,0.8942496151292325,5.414410275669797,7.4872614432495945
淮南市,0.9767355986147352,3.2185463546684385,3.2613546761769614,7.456636629460135
毕节市,3.0507632439221335,0.6614151312354324,3.7349577343098317,7.447136109467397
北海市,1.191093470446,1.1389141635649462,5.08354245405133,7.4135500880622764
通化市,2.1516072943618783,0.929265840857455,4.324393469756165,7.405266604975499
鹰潭市,0.8458635188758996,1.359710199996382,5.177666185541744,7.383239904414025
潞西市,0.5674585212110728,0.2608491404344514,6.4511660996075895,7.279473761253114
恩施市,3.1046221487923793,0.287336134407334,3.871305283198262,7.263263566397976
莆田市,2.4650076005410604,1.80705637921758,2.9400262831772173,7.212090262935858
固原县,0.7203393070223525,0.008033911165334286,6.479007400214462,7.207380618402149
叶鲁番市,0.3871131116863152,0.15257828551657499,6.569879321046312,7.109570718249202
黄石市,1.7484102180835142,1.9395815319339558,3.079882503952149,6.767874253969619
西宁市,1.0242623346701818,2.7276902434758097,2.94728072230273,6.6992333004487215
汉中市,1.5268499398246114,0.6665354309237096,4.381542188848886,6.574927559597207
兴义市,1.418160135516519,0.48608090887711386,4.6245015886308405,6.528742633024474
阿图什市,0.40612242534020465,0.0184095228318125,6.098111978107248,6.522643926279265
榆次市,1.2040118127740576,0.7879784157454595,4.491287273570277,6.483277502089794
忻州市,1.2560692034369967,0.6955463643759117,4.402453408052219,6.354068975865128
秦皇岛市,1.436001887729648,0.5500460081654625,4.298196517120988,6.284244413016099
乌鲁木齐市,1.2618627678725556,1.475934543536965,3.4169627599690133,6.154760071378534
承德市,1.7729882526190677,0.6154833863019291,3.699051174575165,6.087522813496162
玉溪市,1.0493836934340997,0.497493609933462,4.501889586842964,6.048766890210525
大同市,1.3048608024860802,0.33846784415393366,4.345762136809896,5.98909078344991
潮州市,2.6787420607324903,0.5372157895371318,2.7252481619774276,5.94120601224705
金昌市,0.14803462887858687,0.323882392891571,5.440369553657964,5.912286575428123
克拉玛依市,0.11685599018388416,0.5917474754202365,5.144417021929293,5.8530204875334135
大庸市,1.1834456883514652,0.17373971178919076,4.492146711962389,5.849332112103045
十堰市,2.8405120745978074,0.5477371651161089,2.418388471689852,5.806637711403768
漯河市,1.582281472221324,0.9740018249564619,3.2460652189838584,5.802348516161644
朔州市,0.5974573192519341,0.6226149090372958,4.573197293947056,5.793269522236286
防城港市,0.8014381662366468,1.3987057377374175,3.3627208223505964,5.56286472632466
黑河市,1.1337403934059302,0.22610738085014745,4.172306665538519,5.532154439794597
枣庄市,1.6304788091608837,0.5177628569591045,3.36905729985765,5.517298965977639
淮北市,0.9233644299930872,0.7931594405812025,3.720512681656692,5.437036552230981
景德镇市,1.0657258021893938,0.0,4.301652409455889,5.367378211645282
辽阳市,1.112263374431694,0.6306972989252676,3.6204046604127296,5.363365333769691
萍乡市,1.239509663189663,1.5050160351373254,2.5842909624626658,5.328816660789654
潜江市,0.6849989035138979,0.5998716847616434,4.017180214970722,5.302050803246264
丹东市,1.3599462803732536,0.4649567708923295,3.3536295446634043,5.178532595928988
离石县,1.4274736445626712,0.9812543927331641,2.6122381881225865,5.020966225418422
长治市,1.2786275365964088,1.2198982707069814,2.4096274765403765,4.908153283843767
贵池市,0.80852304593451,0.839454685386694,3.2472854623817926,4.895263193702997
天长市,0.3858818776116914,0.4763544059108198,4.01975722744919,4.881993510971702
定西县,0.9468769576828562,0.13181988861919613,3.791318166139165,4.870015012441217
太原市,1.4704909327406344,1.7130981316520832,1.659766334285085,4.843355398677803
威海市,1.3924866956384259,0.5803544967736304,2.7881911875231933,4.76103237993525
葫芦岛市,1.407083631001234,0.5222639561585384,2.8255079552437774,4.75485554240355
安顺市,1.1915125819806454,0.30503171093799175,3.240614572944628,4.7371588658632655
攀枝花市,0.5913457316733762,2.777116239501219,1.2533130518796098,4.621775023054205
景洪市,0.5296078373421209,0.0773125205335766,3.9784443698155147,4.585364727691212
日照市,1.2586296356511482,0.9810222841169114,2.3431794123066196,4.582831332074679
奎屯市,0.11905206044297062,1.1976460005235674,3.2335099451064253,4.550208006072963
丽江纳西族自治县,0.595349647423893,0.30549846135044467,3.5811464357118497,4.481994544486187
三门峡市,1.347083771270723,1.670175050033331,1.3773223065591953,4.394581127863249
锡林浩特市,0.6305141869984584,0.7456597627434134,2.969145092878838,4.34531904262071
平安县,0.689974883893473,0.15060051309656353,3.4936968411934957,4.334272238183532
成县,0.8770131229742727,0.14048842691913246,3.2767583825026745,4.29425993239608
共和县,0.1691678017697375,0.02976994153544307,4.071742354430147,4.270680097735328
六盘水市,1.2271823872835363,1.233303529117424,1.7830368483491754,4.243522764750136
泽当,0.3123740374098993,0.02995954946309328,3.7842882918939247,4.126621878766917
伊春市,0.7055043195144134,0.2338952696795156,3.180521862910856,4.119921452104784
临夏市,0.6311390920396525,0.2022513668870926,3.263956091890125,4.09734655081687
澳门,0.7998007786928804,1.6591933639860152,1.6137319609780958,4.072726103656992
鄂州市,0.6778471808352807,1.7118782538653912,1.6827514739828984,4.07247690868357
宜兴市,0.8645423937082828,0.45659134919643407,2.6879239112355378,4.009057654140254
雅安市,0.9386543252486548,1.9374380752038118,1.0488673596954978,3.9249597601479644
嘉峪关市,0.0371786537453515,3.1468796381473543,0.7187251689736512,3.902783460866357
崇明県,1.8414314541392969,0.18711298404430973,1.8073211526199884,3.835865590803595
营口市,1.2333598941539874,0.7831273807295878,1.8191879050473465,3.8356751799309214
昌都,0.554620019815718,0.035522001021206374,3.0817921186238797,3.6719341394608036
西峰市,0.8245862551285297,0.28471773020975294,2.547878799542353,3.6571827848806358
铜陵市,0.4393820536458078,2.487557661252022,0.6896725978276663,3.6166123127254957
扶顺市,1.4447248938978716,0.9309357781496271,1.1773932689536941,3.5530539410011928
天水市,1.0110435052455735,0.15136436799027025,2.378432512776226,3.5408403860120696
乌兰县,0.12722905765986778,0.5403824552592146,2.855714794342737,3.5233263072618195
鹤壁市,0.9083390191594128,0.6831047951009869,1.790009277121078,3.3814530913814775
晋城市,0.9664245189605414,1.0417826350920276,1.274372093466075,3.282579247518644
安康市,1.1166096305257291,0.3180157762135286,1.8093511973649896,3.2439766041042475
拉萨市,0.6931706826975856,0.6055857620223613,1.934451702647051,3.2332081473669976
门源回族自治县,0.13875571621831423,0.0591697038308368,2.694350798646314,2.892276218695465
辽源市,1.2550862889143326,0.8229958718430437,0.7283409149816159,2.806423075738992
黄山市,0.7224888052263561,0.5268366408618725,1.522745040232806,2.7720704863210344
马尔康县,0.510421428620535,1.6234377709020675,0.4209617232588657,2.554820922781468
珠海市,1.5166661109069715,0.6395146414019167,0.3881619079263487,2.544342660235237
延安市,0.9473409664689677,0.26308369130790576,1.2169786706058938,2.427403328382767
本溪市,0.7432897439163461,1.5847891386586426,0.09465578437598153,2.42273466695097
香河县,0.5119584977535573,0.18456756627053023,1.680131518203416,2.3766575822275033
浑江市,1.3043856306339539,0.9624593918858095,0.09255588794066404,2.3594009104604274
商州市,1.0366549761521524,0.19446773860190064,0.9529184385048415,2.1840411532588946
阿拉善左旗,0.1526886927306481,0.09569289524659513,1.7225094052379633,1.9708909932152066
玉环县,0.7471119390084311,1.0993025047457217,0.09906715169399831,1.945481595448151
莱芜市,0.5706877463268374,0.46254377100456506,0.883719253766958,1.9169507710983604
康定县,0.5325078188575545,0.6982353529747203,0.5913597203096925,1.8221028921419675
七台河市,0.4079831499053041,0.5107928748971223,0.8821535625214872,1.8009295873239137
济源市,0.3433540649497391,1.044969657598287,0.35282486790431167,1.7411485904523376
石河子市,0.17326097691994838,0.42039185040473936,0.9902436941825726,1.5838965215072605
铜川市,0.36060698750061876,0.22576286143034696,0.7320185066029343,1.3183883555339
烏海市,0.19815098043903928,0.8978386956655977,0.1322552482280328,1.2282449243326699
舟山市,0.6123040308875185,0.3603667376965284,0.22199394213967025,1.1946647107237172
怒江傈傈族自治州,0.24199886284795097,0.04173901076480747,0.8457457594674906,1.1294836330802491
阳泉市,0.5232030860979283,0.23546457134261728,0.21517299800367015,0.9738406554442157
林芝县,0.14844133918754965,0.005746712511777878,0.7768718991702463,0.9310599508695738
中甸县,0.1886948727801617,0.0359933580994606,0.6780218452174793,0.9027100760971016
莲花县,0.19349866126554094,0.017036903651058675,0.6642148893683526,0.8747504542849522
夏河县,0.22617829909655343,0.03366574625879526,0.5365082510780844,0.7963522964334331
同仁县,0.10109771286790938,0.018655702795982356,0.6762259531263531,0.7959793687902448
南澳县,0.13749947905252136,0.573465204705,0.08226080844178796,0.7932254921993094
三亚市,0.6154867720988347,0.09317425944879651,0.0,0.7086610315476312
桓仁满族自治县,0.1552653866161966,0.04860845150232315,0.45939387756141403,0.6632677156799338
平潭县,0.491390448683054,0.05530212651014328,0.10190774607326603,0.6486003212664633
塔河县,0.30950862441145444,0.02384146539204754,0.18207445419980103,0.515424544003303
香港,0.0,0.37071138660430913,0.0,0.37071138660430913
那曲县,0.3536917348820681,0.0,0.013955984528598551,0.3676477194106667
金门县,0.3522996707368753,0.001117028061747551,0.0,0.35341669879862286
噶尔县,0.07622806814061714,0.0,0.2186422805346179,0.29487034867523504
霍林郭勒市,0.05641014874431258,0.20462707946777345,0.00460468198705738,0.2656419101991434
清河门区,0.007931428415640412,0.06713652774810791,0.11421212994675863,0.18928008611050695
诏安县,0.03353863904611375,0.005060729408264159,0.14831774303047496,0.18691711148485288
神农架林区,0.09136292431320882,0.014432374226003885,0.03780032026466893,0.14359561880388164
治多县,0.11682890805249468,0.0,0.022439050878915623,0.1392679589314103
岱山县,0.04262842679711504,0.036552761865556234,0.0,0.07918118866267126
玛沁县,0.06394134851060805,0.007913154168128968,3.5946882417192685e-05,0.07189044956115422
嵊泗县,0.02131421339855752,0.020243299492001533,0.0,0.041557512890559055
格尔木市,0.022530444973862362,0.000547539403438568,0.0,0.02307798437730093
基隆市,0.0,0.0,0.0,0.0
台北县,0.0,0.0,0.0,0.0
苗栗县,0.0,0.0,0.0,0.0
云林县,0.0,0.0,0.0,0.0
凤山县,0.0,0.0,0.0,0.0
南投县,0.0,0.0,0.0,0.0
新竹县,0.0,0.0,0.0,0.0
台东县,0.0,0.0,0.0,0.0
台中县,0.0,0.0,0.0,0.0
台北市,0.0,0.0,0.0,0.0
嘉义县,0.0,0.0,0.0,0.0
高雄市,0.0,0.0,0.0,0.0
台南县,0.0,0.0,0.0,0.0
台南市,0.0,0.0,0.0,0.0
屏东县,0.0,0.0,0.0,0.0
宜兰县,0.0,0.0,0.0,0.0
桃园县,0.0,0.0,0.0,0.0
彰化县,0.0,0.0,0.0,0.0
