hswud_city,plant_city
阿瓦提县,阿克苏
喀什市,喀什
盐城市,盐城
佳木斯市,佳木斯
玛纳斯县,昌吉
重庆市,重庆
广州市,广州
塔城市,塔城
成都市,成都
齐齐哈尔市,齐齐哈尔
哈尔滨市,哈尔滨
海口市,东方
徐州市,徐州
市辖区(南通市),南通
上海市,上海
伊宁市,伊犁
库尔勒市,巴音郭楞
沙市市,荆州
湛江市,湛江
通辽市,通辽
淮阴市,淮安
常德市,常德
大庆市,大庆
上饶市,上饶
杭州市,杭州
岳阳市,岳阳
南京市,南京
吴忠市,吴忠
泉州市,泉州
赣州市,赣州
宿迁市,宿迁
吉安市,吉安
茂名市,茂名
阿勒泰市,阿勒泰
连云港市,连云港
鸡西市,鸡西
合肥市,合肥
桂林市,桂林
长沙市,长沙
宜春市,宜春
南宁市,南宁
衡阳市,衡阳
北京市,北京
绥化市,绥化
麻城市,黄冈
沙湾县,塔城
扬州市,扬州
沈阳市,沈阳
福州市,福州
南平市,南平
扶余市,松原
双鸭山市,双鸭山
白城市,白城
六安市,六安
邵阳市,邵阳
天津市,天津
保定市,保定
合山市,来宾
长春市,长春
江门市,江门
苏州市,苏州
孝感市,孝感
周口市,周口
韶关市,韶关
清远市,清远
赤峰市,赤峰
永州市,永州
宁波市,宁波
襄樊市,襄阳
惠州市,惠州
荆门市,荆门
三明市,三明
玉林市,玉林
宜昌市,宜昌
鹤岗市,鹤岗
临川市,抚州
临河市,巴彦淖尔
阜阳市,阜阳
沧州市,沧州
怀化市,怀化
郑州市,郑州
九江市,九江
和田市,和田
菏泽市,菏泽
武威市,武威
南昌市,南昌
亳州市,亳州
信阳市,信阳
贵港市,贵港
商丘市,商丘
南阳市,南阳
益阳市,益阳
百色市,百色
驻马店市,驻马店
邢台市,邢台
宿州市,宿州
温州市,温州
郴州市,郴州
嘉兴市,嘉兴
石家庄市,石家庄
邯郸市,邯郸
张掖市,张掖
梅州市,梅州
潍坊市,潍坊
德州市,德州
凭祥市,崇左
河池市,河池
漳州市,漳州
佛山市,佛山
唐山市,唐山
安庆市,安庆
南充县,南充
常州市,常州
博乐市,博尔塔拉
衡水市,衡水
肇庆市,肇庆
渭南市,渭南
揭阳县,揭阳
济宁市,济宁
绵阳市,绵阳
钦州市,钦州
巢湖市,合肥
酒泉市,酒泉
吉林市,吉林
东莞市,东莞
马山县,南宁
滁州市,滁州
聊城市,聊城
金华市,金华
达川市,达州
临沂市,临沂
龙岩市,龙岩
乌兰浩特市,兴安盟
个旧市,红河哈尼族彝族自治州
新乡市,新乡
遵义市,遵义
株州市,株洲
深圳市,深圳
阳西县,阳江
河源市,河源
运城市,运城
银川市,银川
曲靖市,曲靖
泰州市,泰州
绍兴市,绍兴
青岛市,青岛
西昌市,凉山
凯里市,黔东南
滨州市,滨州
宁德市,宁德
镇江市,镇江
汕头市,汕头
张家口市,张家口
宜宾市,宜宾
娄底市,娄底
四平市,四平
梧州市,梧州
泸州市,泸州
德阳市,德阳
安阳市,安阳
西安市,西安
云龙县,大理
台州市,台州
海丰县,汕尾
仁寿县,眉山
市辖区(石嘴山市),石嘴山
牡丹江市,牡丹江
资阳市,资阳
烟台市,烟台
昆明市,昆明
平凉市,平凉
铁岭市,铁岭
蚌埠市,蚌埠
朝阳市,朝阳
湘潭市,湘潭
咸阳市,咸阳
开封市,开封
贺州市,贺州
吉首市,湘西
日喀则市,日喀则
锦州市,锦州
海拉尔市,呼伦贝尔
文山县,文山
咸宁市,咸宁
呼和浩特市,呼和浩特
华蓥市,广安
丽水市,丽水
集宁市,乌兰察布
榆林市,榆林
都匀市,黔南
东胜市,鄂尔多斯
东营市,东营
宣州市,宣城
无锡市,无锡
平顶山市,平顶山
内江市,内江
许昌市,许昌
贵阳市,贵阳
兴化市,泰州
兰州市,兰州
济南市,济南
乐山市,乐山
云浮市,云浮
洛阳市,洛阳
芜湖市,芜湖
临沧县,临沧
柳州市,柳州
随州市,随州
包头市,包头
思茅市,普洱
湖州市,湖州
泰安市,泰安
新余市,新余
巴中县,巴中
铜仁市,铜仁
宝鸡市,宝鸡
马鞍山市,马鞍山
厦门市,厦门
大连市,大连
衢州市,衢州
保山市,保山
焦作市,焦作
哈密市,哈密
鞍山市,鞍山
濮阳市,濮阳
盘锦市,盘锦
楚雄市,楚雄
遂宁县,遂宁
临汾市,临汾
廊坊市,廊坊
自贡市,自贡
昭通市,昭通
阜新市,阜新
中山市,中山
淄博市,淄博
天门市,潜江
广元市,广元
仙桃市,潜江
淮南市,淮南
毕节市,毕节
北海市,北海
通化市,通化
鹰潭市,鹰潭
潞西市,德宏
恩施市,恩施
莆田市,莆田
固原县,固原
叶鲁番市,吐鲁番
黄石市,黄石
西宁市,西宁
汉中市,汉中
兴义市,黔西南
阿图什市,克孜勒苏
榆次市,晋中
忻州市,忻州
秦皇岛市,秦皇岛
乌鲁木齐市,乌鲁木齐
承德市,承德
玉溪市,玉溪
大同市,大同
潮州市,潮州
金昌市,金昌
克拉玛依市,克拉玛依
大庸市,张家界
十堰市,十堰
漯河市,漯河
朔州市,朔州
防城港市,防城港
黑河市,黑河
枣庄市,枣庄
淮北市,淮北
景德镇市,景德镇
辽阳市,辽阳
萍乡市,萍乡
潜江市,潜江
丹东市,丹东
离石县,吕梁
长治市,长治
贵池市,池州
天长市,滁州
定西县,定西
太原市,太原
威海市,威海
葫芦岛市,葫芦岛
安顺市,安顺
攀枝花市,攀枝花
景洪市,西双版纳
日照市,日照
奎屯市,伊犁
丽江纳西族自治县,丽江
三门峡市,三门峡
锡林浩特市,锡林郭勒
平安县,海东
成县,陇南
共和县,海南
六盘水市,六盘水
泽当,山南
伊春市,伊春
临夏市,临夏
澳门,澳门
鄂州市,鄂州
宜兴市,无锡
雅安市,雅安
嘉峪关市,嘉峪关
崇明県,上海
营口市,营口
昌都,昌都
西峰市,庆阳
铜陵市,铜陵
扶顺市,抚顺
天水市,天水
乌兰县,海西蒙古族藏族自治州
鹤壁市,鹤壁
晋城市,晋城
安康市,安康
拉萨市,拉萨
门源回族自治县,海北藏族自治州
辽源市,辽源
黄山市,黄山
马尔康县,阿坝
珠海市,珠海
延安市,延安
本溪市,本溪
香河县,廊坊
浑江市,白山
商州市,商洛
阿拉善左旗,阿拉善盟
玉环县,台州
莱芜市,莱芜
康定县,甘孜
七台河市,七台河
济源市,济源
石河子市,石河子
铜川市,铜川
烏海市,乌海
舟山市,舟山
怒江傈傈族自治州,怒江
阳泉市,阳泉
林芝县,林芝
中甸县,香格里拉
莲花县,萍乡
夏河县,甘南
同仁县,黄南
南澳县,汕头
三亚市,三亚
桓仁满族自治县,本溪
平潭县,福州
塔河县,大兴安岭
香港,香港
那曲县,那曲
金门县,金门
噶尔县,阿里
霍林郭勒市,通辽
清河门区,锦州
诏安县,漳州
神农架林区,神农架
治多县,玉树
岱山县,舟山
玛沁县,果洛
嵊泗县,舟山
格尔木市,海西蒙古族藏族自治州
武汉市,武汉
