province,domestic_1e8m3,manufacturing_1e8m3,irrigation_1e8m3,competitive_1e8m3,province_en
新疆,11.63054616018701,7.857453085484696,438.1530648332814,457.64106407895315,Xinjiang
江苏,58.91434861729119,47.752928360865965,277.91328637413073,384.58056335228787,Jiangsu
广东,99.86728239373747,79.7043274069458,197.24876143513276,376.820371235816,Guangdong
黑龙江,22.5097743445803,20.968835903440347,261.2851718020937,304.7637820501144,Heilongjiang
湖南,47.27704077595686,34.77497615350187,193.48377884596073,275.53579577541944,Hunan
湖北,49.772520283314165,49.45364337706157,151.79945250564361,251.02561616601935,Hubei
广西,37.30943684902908,35.328233446617055,176.79200126142726,249.4296715570734,Guangxi
四川,48.248213219395474,58.14682412290227,135.90520906893622,242.30024641123399,Sichuan
安徽,35.00574031906402,41.34977348866949,149.87190768148628,226.22742148921978,Anhui
河南,55.73896532092126,40.36853625420271,119.92774118256659,216.03524275769055,Henan
江西,30.787901296268032,17.808033118787492,155.00097354015057,203.5969079552061,Jiangxi
山东,41.83495027610311,24.146574920159814,126.58413608298542,192.56566127924836,Shandong
河北,31.86752973715778,10.639077115078802,125.63838968373389,168.14499653597048,Hebei
福建,31.20779285386559,49.07062682053996,81.97654152523631,162.25496119964185,Fujian
浙江,40.596430642929,45.47201210069133,73.20018752248524,159.26863026610556,Zhejiang
内蒙古,14.498950737442458,12.810570229216209,122.30019039507411,149.60971136173276,Inner Mongolia
云南,22.116914716205898,7.74886627688715,99.7210720413977,129.58685303449076,Yunnan
辽宁,23.82419830551396,20.96109979178586,72.4661574894842,117.25145558678402,Liaoning
吉林,23.382214339157187,13.705234969330936,75.95677038744226,113.0442196959304,Jilin
甘肃,8.56659627890683,10.026581753721622,86.0189467971256,104.61212482975405,Gansu
贵州,16.98781661926091,9.31293145792413,52.96407937497725,79.2648274521623,Guizhou
陕西,15.700501536443683,10.513705928336632,47.940115233003965,74.15432269778428,Shaanxi
山西,13.694077336263787,11.484319808643784,40.454545027580664,65.63294217248824,Shanxi
宁夏,2.3960978428202426,2.6789787312321107,57.94728860568796,63.022365179740305,Ningxia
重庆,19.43595565932256,10.545725059995322,19.83181406590678,49.81349478522466,Chongqing
上海,23.17950672181033,11.132890539361462,10.708383971656165,45.02078123282796,Shanghai
海南,8.134788471380432,2.806023371274577,31.516865291364,42.45767713401901,Hainan
北京,16.70943525357997,2.5326984195826823,6.88832492560898,26.130458598771632,Beijing
天津,8.667769960608656,4.625400864981868,10.671932805957354,23.96510363154788,Tianjin
西藏,2.738062037263308,0.679923377260752,20.217813302068453,23.635798716592515,Tibet
青海,2.453788208616449,3.5347292535654176,16.76148646180311,22.750003923984977,Qinghai
澳门,0.7998007786928804,1.6591933639860152,1.6137319609780958,4.072726103656992,Macau
台湾,0.19349866126554094,0.017036903651058675,0.6642148893683526,0.8747504542849522,Taiwan
香港,0.0,0.37071138660430913,0.0,0.37071138660430913,Hong Kong
