city,province_cn,province_en,longitude,latitude,BCR,SER,WSR,class_id,class_label,scarce_count,GW,emissions_Mt
北京,北京,Beijing,116.529108587126,39.8849180472437,0.7161111839885779,0.0,3.003183228547768,8,vacuum,3,0.33,1.355761892913619
天津,天津,Tianjin,117.54245054639935,39.144934349955236,0.08121481856742122,11.83319814961558,1.845306434040912,6,bio+water-short,2,12.4445,44.8619412186931
保定,河北,Hebei,115.47385816832156,38.860258211080286,0.397710895898476,24.07602189015659,1.469141985066338,6,bio+water-short,2,5.81,25.309197940184504
沧州,河北,Hebei,117.24658657559362,38.26851387382116,0.2191121109877439,16.24661845880517,2.13782132019664,6,bio+water-short,2,5.358,22.862273054361882
承德,河北,Hebei,117.70642567573249,40.67978793608227,1.498135935338173,0.0,0.6616883018971899,5,sto-short,1,1.7731400000000002,7.629229879329767
邯郸,河北,Hebei,114.2765966557901,36.588889620420375,0.176247044044813,0.0,1.549918489145393,8,vacuum,3,5.268,22.963077698918138
衡水,河北,Hebei,115.809110682753,37.5977033208774,0.7636641623235743,7.193397196692929,1.787000274888677,6,bio+water-short,2,0.726,3.1954955832750813
廊坊,河北,Hebei,116.8077031052985,39.71762857218665,0.2293392145975997,97.83810465130908,1.851418760014923,6,bio+water-short,2,2.03,8.750021504860966
秦皇岛,河北,Hebei,119.385640680553,39.88513346520092,0.2841231967487347,0.477174200554332,0.9622666386361031,3,bio+sto-short,2,2.499,10.859158031743238
石家庄,河北,Hebei,114.56046850551962,38.02759837955532,0.1457976193891551,9.802781372256291,1.667753953245161,6,bio+water-short,2,8.508,37.44449520086817
唐山,河北,Hebei,118.38145311597822,39.6327445126791,0.1607130423039329,2.523027263408687,1.827394527797074,6,bio+water-short,2,8.995,38.94671906983041
邢台,河北,Hebei,114.66252998984088,37.231242681722264,0.4401696644434686,1.855627877854614,1.639867862654497,6,bio+water-short,2,2.818,12.093498069922127
张家口,河北,Hebei,114.85944379427417,40.4885652733336,0.4003151412679185,0.0,0.9214188696693543,3,bio+sto-short,2,5.88,25.39624152220357
滨州,山东,Shandong,117.90054207598575,37.443081180046896,0.06261719248974941,0.9160119863145951,4.297097901184601,8,vacuum,3,20.645,85.52453240747646
德州,山东,Shandong,116.54836846083111,37.264283665138095,0.6522651589217491,0.9755212132556715,1.819325056927602,8,vacuum,3,3.3265,14.324419804439414
东营,山东,Shandong,118.57450268843984,37.418691343764145,0.1142595784973473,7.308544665252377,2.070694742664885,6,bio+water-short,2,5.591,22.518164904695396
菏泽,山东,Shandong,115.55002793311168,35.200985562608516,0.8012508033005166,0.0,1.906176717064304,8,vacuum,3,3.4265,13.867880172973312
济南,山东,Shandong,117.21724139922352,36.59494925052827,0.2174421948577227,0.0,1.274078046042848,8,vacuum,3,6.736,29.01403494598749
济宁,山东,Shandong,116.71414613953165,35.4000409038064,0.1517970545008686,0.0,1.517639849789219,8,vacuum,3,10.36,43.13406732701075
聊城,山东,Shandong,115.91139812301711,36.55240026014057,0.1436488833245672,0.01840321742702633,2.608738076476572,8,vacuum,3,12.142,51.75403131386913
临沂,山东,Shandong,118.33912012852929,35.20211590916173,0.6519913322481299,0.0,1.155603521794635,8,vacuum,3,5.124,21.68670685816778
青岛,山东,Shandong,120.20019639722278,36.276854335513924,0.5185329862938459,0.1554136216885789,1.130998454460197,8,vacuum,3,3.458,14.7801396144872
日照,山东,Shandong,119.32975169197286,35.40060814676919,0.253261253541038,0.0,0.9839681275516414,3,bio+sto-short,2,3.627,14.967236735743901
泰安,山东,Shandong,117.17955089240779,35.987486940361755,0.3771639328344072,0.0,1.194921920302642,8,vacuum,3,3.41,14.499059596006795
威海,山东,Shandong,122.12637638606309,37.21238934228223,0.335342334570676,0.0,0.9045563653612173,3,bio+sto-short,2,3.0585,13.079416671494986
潍坊,山东,Shandong,119.13401388774746,36.61755616266664,0.4471755387355131,2.73689388950648,1.312562038665756,6,bio+water-short,2,5.958,24.354530612900135
烟台,山东,Shandong,120.68820627173916,37.43260764424357,0.2188937372737836,0.0,1.061693429726858,8,vacuum,3,10.289,40.62869754811053
枣庄,山东,Shandong,117.35787453302274,34.892795650823835,0.150335433037616,0.0,1.162956370238113,8,vacuum,3,4.114,17.727999096034395
淄博,山东,Shandong,118.05180235754237,36.78579638247941,0.1625810373596526,0.04394727762997451,2.701929384257041,8,vacuum,3,5.3755,23.090301820707314
大同,山西,Shanxi,113.2530753697154,40.01700572511603,0.03926191809261253,0.0,1.159215711110173,8,vacuum,3,8.73,33.967745350557166
晋城,山西,Shanxi,112.7089867893585,35.49957740503746,0.120068693967863,0.0,2.415470756142706,8,vacuum,3,4.201,16.185682036226165
晋中,山西,Shanxi,112.55065855590615,37.282754231728276,0.08234824313121127,1.049877068322124,0.9052351185726392,4,bio-short,1,6.166,23.51142408833507
临汾,山西,Shanxi,111.49375360780984,36.10788154340138,0.1301365697554761,0.0,1.100174777765005,8,vacuum,3,4.806,18.700295566673436
吕梁,山西,Shanxi,111.37277102827834,37.51531948605269,0.134512754860883,0.2946100416758284,0.8233673559292806,3,bio+sto-short,2,6.5885,25.461779028621894
朔州,山西,Shanxi,112.53977636254301,39.51178408001645,0.03902598660631736,0.0,2.037277140400834,8,vacuum,3,11.25,42.641210695509244
太原,山西,Shanxi,112.293423434676,37.909392522939164,0.02723351952239419,0.0,1.267476069470139,8,vacuum,3,5.205,19.76282767018195
忻州,山西,Shanxi,111.846321177392,38.77934142405361,0.1075226547057177,0.0,0.8378683852573228,3,bio+sto-short,2,6.968,26.011168213917195
阳泉,山西,Shanxi,113.56501021862387,37.872223815661506,0.02421704624490217,0.07229875673157066,0.862246205500569,3,bio+sto-short,2,4.803,17.403950765214773
运城,山西,Shanxi,110.79416418792975,35.16552501695912,0.1515299811275289,0.0,1.194109258414304,8,vacuum,3,4.111800000000001,15.754915516367225
长治,山西,Shanxi,112.98533589368172,36.40835293491357,0.09433548490013967,0.6016931041262091,0.9486335363134722,3,bio+sto-short,2,9.634,35.48665546576929
鞍山,辽宁,Liaoning,122.693681377793,41.13538849457127,1.169790268003884,0.5404251218323568,1.455085597442354,7,sto+water-short,2,0.6836,2.605086116424574
本溪,辽宁,Liaoning,124.58660099424151,41.314418419731055,1.18947453742813,0.0,0.6060445891625442,5,sto-short,1,0.724,2.620556147159841
朝阳,辽宁,Liaoning,120.49812982170367,41.641053651089166,0.4880597524763604,0.0,0.9377778301463755,3,bio+sto-short,2,1.936,7.1550784438835136
大连,辽宁,Liaoning,121.7487175312025,39.16287894070138,0.1734080204799598,0.0,0.8795961397567902,3,bio+sto-short,2,6.0314499999999995,22.66875088615651
丹东,辽宁,Liaoning,123.49340342283,40.31179832438245,0.6201506370942447,0.0,0.6186016753691694,3,bio+sto-short,2,1.446,5.530712816646722
抚顺,辽宁,Liaoning,123.978389774025,41.86594620149918,0.1585075003037989,0.0,0.8944243426928419,3,bio+sto-short,2,2.3,8.825150338785964
阜新,辽宁,Liaoning,121.79492550013732,42.04817195505331,0.6219494177913294,0.0,0.9150702349308906,3,bio+sto-short,2,1.835,7.058391729814158
葫芦岛,辽宁,Liaoning,120.6500254690455,40.578882389512174,0.1554984102000681,0.0,0.8642660149927889,3,bio+sto-short,2,4.57,16.364843369335347
锦州,辽宁,Liaoning,121.16061887104551,41.10099891820904,0.202669870483997,1.166433665604266,1.274491356170905,6,bio+water-short,2,2.025,7.022418768140756
辽阳,辽宁,Liaoning,123.341824280445,41.492810604727616,0.3968809814029597,0.03752372936273279,1.131223543641559,8,vacuum,3,1.156,4.437372566659584
盘锦,辽宁,Liaoning,122.0416842045255,40.961457668512026,0.3064730060751633,14.79266911475023,1.781630666127499,6,bio+water-short,2,0.901,3.296708184714558
沈阳,辽宁,Liaoning,123.352832431323,41.883279185712844,0.3224036486382806,0.1753938319043599,1.874503485286606,8,vacuum,3,3.938,14.672043934535932
铁岭,辽宁,Liaoning,123.81970918356481,42.47288818209394,0.1649423144803346,0.0,1.060421578801965,8,vacuum,3,4.274,14.855329338534695
营口,辽宁,Liaoning,122.158793914568,40.41381002149847,0.1557132813155744,0.0,0.9381211532330881,3,bio+sto-short,2,2.72,10.385775825340236
白城,吉林,Jilin,122.81472491337833,45.4950897094736,1.032497070656444,21.31822497004763,1.151781568333048,2,water-short,1,1.806,5.711727573559285
白山,吉林,Jilin,126.4589174540225,41.956824920434855,0.7030715754565384,0.0,0.528206049900266,3,bio+sto-short,2,0.612,1.9768313451092019
长春,吉林,Jilin,125.38444332726222,43.94834358602459,0.7769120250333926,4.899420613762452,1.136386739756763,6,bio+water-short,2,5.853,18.21050884433173
吉林,吉林,Jilin,126.64201482821807,43.865785716829855,0.9327045363804771,0.857558995079505,0.7065603611912634,3,bio+sto-short,2,2.837,9.148765184874577
辽源,吉林,Jilin,125.160156319332,42.8712380565524,0.8792466458994933,0.0,0.6955016607050353,3,bio+sto-short,2,0.66,2.131094022095206
通化,吉林,Jilin,125.844911184577,42.165140956182256,1.511542120014381,0.0,0.6367481947350524,5,sto-short,1,0.737,2.383419991621868
四平,吉林,Jilin,124.10793657357101,43.292711634927535,0.5054964825452936,5.381722104737957,1.017755360694995,6,bio+water-short,2,2.586,8.344107128476521
松原,吉林,Jilin,124.69990034572434,45.18280030554644,2.708882258006178,122.8072825822748,1.29241970939468,2,water-short,1,0.852,2.6035466001813723
延边,吉林,Jilin,129.26695831463076,42.9210882506307,1.798415005446553,0.0,0.5611112983973716,5,sto-short,1,1.112,3.5773553068405954
大庆,黑龙江,Heilongjiang,124.7871497119105,46.57576844666037,0.3775247392033088,64.09919441272254,1.424755246104187,6,bio+water-short,2,2.451,8.486068257401529
大兴安岭,黑龙江,Heilongjiang,124.90602131682326,51.222201306962546,0.399676826350885,0.0,0.5031667170848237,3,bio+sto-short,2,0.4015,1.4214175953218513
哈尔滨,黑龙江,Heilongjiang,127.151647320789,45.74062569980542,0.940802455472719,35.79247952308715,0.7738334537069886,4,bio-short,1,4.389,15.284031593778195
鹤岗,黑龙江,Heilongjiang,130.66826372947034,47.326735374829234,0.6521881490809435,90.52637818488274,0.8413419388947352,4,bio-short,1,1.567,5.544247641296954
黑河,黑龙江,Heilongjiang,126.83755873054629,49.04971113755096,7.790566074203409,145.3624948151296,0.5152148196735823,1,bio+sto+water-rich,0,0.389,1.3772210034354249
鸡西,黑龙江,Heilongjiang,131.03421474879124,45.3388083471713,0.9938082071234108,0.0,0.739311372003829,3,bio+sto-short,2,1.032,3.6454211231009355
佳木斯,黑龙江,Heilongjiang,131.214230230529,46.96541896374911,3.339525560930009,0.0,0.9441639522071287,5,sto-short,1,0.846,2.966870265033911
牡丹江,黑龙江,Heilongjiang,129.92929853639734,44.62997144294204,1.1558708372936,0.0,0.5644030521170994,5,sto-short,1,1.459,5.154581486697744
七台河,黑龙江,Heilongjiang,130.95111601593072,45.786481438324344,0.2105305205677184,0.0,0.7508537743413848,3,bio+sto-short,2,2.347,8.289046696922249
齐齐哈尔,黑龙江,Heilongjiang,123.792528587075,47.35326759282126,1.452055253510443,34.03601904034166,1.3737458294515,2,water-short,1,2.279,8.004131133809972
双鸭山,黑龙江,Heilongjiang,131.98760485056613,46.57802314582477,0.7797428459620672,17.65546189259648,0.7592584062928273,4,bio-short,1,2.966,9.957186177975892
绥化,黑龙江,Heilongjiang,126.54427016575958,46.64712046898336,3.10379586273139,81.41375817990308,0.8345738977124005,1,bio+sto+water-rich,0,1.292,4.415851358567982
伊春,黑龙江,Heilongjiang,129.17394979358434,47.676854478906485,0.8076004496574979,4.573534387047403,0.5237328330973964,4,bio-short,1,0.819,2.743619088779311
赤峰,内蒙古,Inner Mongolia,118.98042081135432,42.656884288785,0.5172450823868034,0.005357910511531205,0.7451215566814479,3,bio+sto-short,2,5.519,25.33613833231491
呼伦贝尔,内蒙古,Inner Mongolia,120.6082889313961,49.14938608784571,0.454245971764749,0.2573066376492397,0.5159388653328192,3,bio+sto-short,2,7.418,33.57682687615117
通辽,内蒙古,Inner Mongolia,121.20110108472922,44.251717238421854,0.1877802129820696,0.07403834294590665,0.9869246797274689,3,bio+sto-short,2,9.534,44.53994660818401
兴安盟,内蒙古,Inner Mongolia,121.872681903879,45.79117658977488,1.244899390785171,0.0,0.6558706916134576,5,sto-short,1,1.137,5.3383203473057455
上海,上海,Shanghai,121.49088941371842,31.254233227460414,0.0139186786063037,0.0,1.778360479341574,8,vacuum,3,16.564,49.63459033847786
常州,江苏,Jiangsu,119.81991393401388,31.772537963866423,0.3154806510769158,0.0,1.493432470510167,8,vacuum,3,1.561,6.291699331887358
淮安,江苏,Jiangsu,118.94325916397099,33.4380484841351,0.4173052416496261,40.7578031240279,1.219840318669342,6,bio+water-short,2,2.2805,9.751153636855108
连云港,江苏,Jiangsu,119.35442475988043,34.57967703016486,0.930143730840637,3.707159447895549,1.443214667407292,6,bio+water-short,2,0.891,3.8103784177063327
南京,江苏,Jiangsu,118.80721021382932,32.154794043821035,0.1000024336449817,0.1612303768158365,3.157637599148146,8,vacuum,3,7.21,27.93801027444897
南通,江苏,Jiangsu,120.82361942814941,32.280357728423205,0.1799767446262575,8.46048538270318,1.812249002414151,6,bio+water-short,2,8.6138,32.247711661939896
苏州,江苏,Jiangsu,120.78629954605621,31.489852333468495,0.02658587633664899,0.0,1.635731431604242,8,vacuum,3,17.336,70.64103578610889
宿迁,江苏,Jiangsu,118.3588318126956,33.895814783695485,1.131586321692343,1.871954611849262,1.351247943271975,2,water-short,1,1.4,5.1268872560412815
泰州,江苏,Jiangsu,119.87516005404909,32.49017994246752,0.1430496716297754,22.99272784960357,2.543027988687502,6,bio+water-short,2,5.736,20.90338187582666
无锡,江苏,Jiangsu,120.20626151325658,31.72167700905318,0.08930149345157212,0.0,2.563373655968971,8,vacuum,3,6.369,26.310239109228156
徐州,江苏,Jiangsu,117.52731520118125,34.257391261277185,0.1382448449790004,0.0,1.752185114355092,8,vacuum,3,11.04,43.33299319906113
盐城,江苏,Jiangsu,120.19680806912066,33.77880779474654,0.6273741826790845,97.41834235481237,1.501558448871628,6,bio+water-short,2,5.1895,18.987113218334045
扬州,江苏,Jiangsu,119.32121438736488,32.29330433302345,0.06232177434800519,8.363645872302731,2.424493881041043,6,bio+water-short,2,4.824199999999999,20.16932503594581
镇江,江苏,Jiangsu,119.53705118545662,32.1514404558487,0.05274381127900166,0.0,4.161518095933366,8,vacuum,3,8.656,32.887978745424114
杭州,浙江,Zhejiang,120.21990950834159,30.096088912443566,1.5290129526414,0.0,0.6024754887202288,5,sto-short,1,0.578,2.116685898713428
湖州,浙江,Zhejiang,120.03859302320093,30.783757533853084,0.1641905739983339,0.0,0.872582082902726,3,bio+sto-short,2,2.9945,10.17623898373148
嘉兴,浙江,Zhejiang,120.79997509220182,30.641051181465965,0.02671238846740128,0.0,1.204066817624968,8,vacuum,3,6.43,23.27978940129158
金华,浙江,Zhejiang,119.80125387087715,29.253788309269684,0.1844508358181907,0.0,0.7019178156123272,3,bio+sto-short,2,2.808,9.653918574626957
温州,浙江,Zhejiang,120.8142277404075,27.8455228805737,0.05672116077592675,0.0,0.6967196449013109,3,bio+sto-short,2,7.358,24.925697708283643
丽水,浙江,Zhejiang,119.76684617895467,29.0541481646912,14.88603482439044,0.0,0.6466926136343504,5,sto-short,1,0.0775,0.28319720116485486
宁波,浙江,Zhejiang,121.64516143113721,29.914397328084448,0.03046514246780149,0.0,0.8008746413123491,3,bio+sto-short,2,15.02592,52.003377971778974
衢州,浙江,Zhejiang,118.92478803743933,28.960056500694083,0.8977778619266699,0.0,0.6021444347122492,3,bio+sto-short,2,0.5821700000000001,2.127470402502471
绍兴,浙江,Zhejiang,120.7070337463305,30.04525187852568,0.2696317208345327,0.0,0.7215921792240988,3,bio+sto-short,2,1.6015,5.82251542982745
台州,浙江,Zhejiang,121.41625553693574,28.69243982227133,0.08430195315531638,0.0,0.6552267871991063,3,bio+sto-short,2,7.632,24.349775294692915
舟山,浙江,Zhejiang,122.0357164006735,30.07445217801752,0.0,0.0,0.6327458384053385,3,bio+sto-short,2,3.255,10.675732502189712
安庆,安徽,Anhui,117.10180551578301,30.536290904118303,0.2176377620244689,0.0,0.7595926249637917,3,bio+sto-short,2,2.82,11.69924463807442
蚌埠,安徽,Anhui,117.28224453838875,32.9727749070636,0.3222242705925505,0.0,0.9446698382500581,3,bio+sto-short,2,2.77,10.94656206186285
亳州,安徽,Anhui,116.310758009613,32.870094824044074,0.5216945787082793,16.40575618953012,0.8542156996451864,4,bio-short,1,2.6745,9.91738385209601
池州,安徽,Anhui,116.829303378918,30.1077006051736,6.178356147171392,0.0,0.5462998492434417,5,sto-short,1,0.024,0.10070996482547824
滁州,安徽,Anhui,117.55481996781575,32.55343362347635,22.1388870563234,684.0451434935468,0.814208812124079,1,bio+sto+water-rich,0,0.084,0.35259407470661663
阜阳,安徽,Anhui,116.12439644687834,32.8813530132659,0.4365086657784447,49.97239831304022,1.164540694415429,6,bio+water-short,2,3.242,12.89047932241138
合肥,安徽,Anhui,117.34607207927779,31.75145734920244,0.2176231373364955,4.225914021822895,1.012001602294288,6,bio+water-short,2,4.6497,18.020649562874695
淮北,安徽,Anhui,116.98421330501235,33.499295410501176,0.09040005663765847,0.0,1.042272802827068,8,vacuum,3,7.25,27.744879705738846
淮南,安徽,Anhui,116.82428688454306,32.7069867223888,0.05324760312381335,0.09555186305137299,1.745746136189141,8,vacuum,3,14.364,56.191064793215226
六安,安徽,Anhui,116.487154144504,31.7559318936622,0.9204857815130781,4.773116122920738,0.6638909440231661,4,bio-short,1,1.32,4.699674219787427
马鞍山,安徽,Anhui,118.4657735941322,31.68864396154988,0.04932757420831373,0.0,3.173619674045128,8,vacuum,3,4.361,17.436235555689713
铜陵,安徽,Anhui,117.84368244174466,30.965624953949334,0.03566101862739673,0.0,1.670982044194531,8,vacuum,3,3.68,15.055307780181835
芜湖,安徽,Anhui,118.250630782141,31.3465784074509,0.07250920433229366,0.0,1.386703876280962,8,vacuum,3,3.64,12.925639591962735
宿州,安徽,Anhui,116.92446570597238,33.99291477029688,0.5878960076777678,0.0,1.13277903078124,8,vacuum,3,2.791,11.016018731002617
宣城,安徽,Anhui,118.869495702378,30.8731008652644,0.8372208162235986,0.0,0.6760565304149896,3,bio+sto-short,2,1.29,5.028881303049152
福州,福建,Fujian,119.50922237595363,25.908991253604775,0.1022209137107806,0.0,0.8903202756889789,3,bio+sto-short,2,9.784,37.408399528431225
龙岩,福建,Fujian,117.09142148383667,25.246027906397767,1.266463084225284,0.0,0.5845624773904015,5,sto-short,1,1.225,5.098298308976021
南平,福建,Fujian,117.460674635334,27.3835866240736,0.7693676656207482,0.0,0.6569699054283508,3,bio+sto-short,2,1.32,4.633333452997214
宁德,福建,Fujian,120.04652383454601,26.9660349887337,0.3971730244124217,0.0,0.5972685018414904,3,bio+sto-short,2,2.558,9.92491260906735
莆田,福建,Fujian,119.03700417250566,25.17709181017277,0.01929472479168367,0.0,0.9408445635023388,3,bio+sto-short,2,2.996,12.345902369364042
泉州,福建,Fujian,118.65680808816762,24.89641830544475,0.1432887471116598,0.0,0.7146418561371342,3,bio+sto-short,2,5.54,21.24740066399496
三明,福建,Fujian,117.684391667742,26.2819709964512,3.145657692396976,0.0,0.5851745744959895,5,sto-short,1,0.627,2.6097644578280152
厦门,福建,Fujian,118.03638304588799,24.54198290946282,0.01540632897347761,0.0,0.9438488528041529,3,bio+sto-short,2,1.418,5.84577205343336
漳州,福建,Fujian,117.69940798931837,24.48734722312375,0.1779400927171019,0.0,0.6314978901470055,3,bio+sto-short,2,4.824,18.87765509078947
安阳,河南,Henan,114.25238298875284,35.97934718069093,0.3568726456327528,0.0,1.602728302407397,8,vacuum,3,2.744,9.052602534313312
鹤壁,河南,Henan,114.17516072218433,35.7989346485499,0.07720372405818421,0.0,1.696215410637705,8,vacuum,3,3.489,11.630772489966805
济源,河南,Henan,112.64379707443932,35.120593469582765,0.03823235606621978,0.0,1.557143330546227,8,vacuum,3,4.706,15.105711645904744
焦作,河南,Henan,113.30758949713436,35.21155971057681,0.07885644364651964,0.0,1.604586999029137,8,vacuum,3,5.979,17.983683861678855
开封,河南,Henan,114.4266193234845,34.7689624718077,0.4141647108556018,0.0,1.451647392713988,8,vacuum,3,1.31,4.198432652010459
洛阳,河南,Henan,112.40932819474146,34.6473089484145,0.2006293104336967,0.0,0.9983773512192572,3,bio+sto-short,2,7.765,25.192094079767603
漯河,河南,Henan,113.89806679459984,33.565605111712884,0.9344691061250007,89.21237514924498,1.310345127983337,6,bio+water-short,2,0.787,2.6843107636184342
南阳,河南,Henan,112.56531138869133,32.90414010549431,1.141484237755242,56.57306385555319,0.7730109874370874,1,bio+sto+water-rich,0,4.4835,13.967071191855814
平顶山,河南,Henan,113.17715110961687,33.82727989508546,0.232796211588702,4.334275104202996,1.060932610514432,6,bio+water-short,2,5.098,16.312969068895
濮阳,河南,Henan,115.122520098456,35.76112743808755,0.2293894444629756,0.909826899125734,1.914421914221547,8,vacuum,3,1.74,5.251562569456661
三门峡,河南,Henan,111.46507871029964,34.73239098656403,0.2470144237041091,0.0,0.7967598944022932,3,bio+sto-short,2,4.3185,13.763168150594929
商丘,河南,Henan,116.0648100893416,34.1609287643494,0.661589731828738,0.0,1.315776022621992,8,vacuum,3,3.24,10.500296976710448
新乡,河南,Henan,113.89874244516908,35.314497541512154,0.3028857360858719,0.0,1.585793603652008,8,vacuum,3,4.83,15.498393729753149
信阳,河南,Henan,114.1412349611085,32.10913486508595,0.6392181868404372,0.2018513664299708,0.9412842320418271,3,bio+sto-short,2,1.96,6.602035857712808
许昌,河南,Henan,113.71845472389887,34.08223165235145,0.2857535453167159,8.913451027848899,1.615358393931347,6,bio+water-short,2,2.4995,8.501498680400248
郑州,河南,Henan,113.30404835763514,34.68849226160666,0.07637436426643575,0.0,2.519380674979703,8,vacuum,3,9.67,31.28585377563729
周口,河南,Henan,114.6782940124535,33.802250549192095,1.521950903713049,116.7814940757079,1.202755708327893,2,water-short,1,1.332,3.8605555083271397
驻马店,河南,Henan,114.04080861696268,33.023874305178104,1.391172734732312,7.783727815261571,0.8230298709557551,1,bio+sto+water-rich,0,1.32,4.497684385871864
鄂州,湖北,Hubei,114.641050370147,30.5520990379543,0.009828074764392904,0.0,2.359907963148886,8,vacuum,3,3.96,15.748275569601258
黄冈,湖北,Hubei,115.125476403536,30.94435017963515,0.4341531968611719,0.007992457599094754,0.6421766111481656,3,bio+sto-short,2,2.6015,9.807996679636707
黄石,湖北,Hubei,115.12763406826801,30.2149234181237,0.1306536434466558,0.0,1.186956941831776,8,vacuum,3,2.35,9.3453619262789
荆门,湖北,Hubei,112.23203846204467,31.0392949912341,0.3221336066070087,0.0,1.018495885121658,8,vacuum,3,2.022,7.612037128473862
荆州,湖北,Hubei,112.25031395509325,30.050953490981687,0.4915778233789001,8.267594539024543,0.8042791037089576,4,bio-short,1,2.303,8.454679500033066
潜江,湖北,Hubei,112.70099938340749,30.34927127467055,1.604473554657102,66.5096227529944,0.8353854619488972,1,bio+sto+water-rich,0,0.205,0.8256960258171512
十堰,湖北,Hubei,110.734436706376,32.6868494963326,1.756509853673276,0.0,0.5676908924724379,5,sto-short,1,0.7,2.641238930351207
武汉,湖北,Hubei,114.39284769203557,30.573822694060443,0.1293796059018731,0.01083579960163038,1.636741460899997,8,vacuum,3,4.175,16.503165680836837
咸宁,湖北,Hubei,113.891753978937,29.7752141947179,0.2432568972275699,0.002894520117578994,0.6055090639096076,3,bio+sto-short,2,2.672,10.744440549786068
襄阳,湖北,Hubei,112.1156940560985,32.02452335086172,0.6636766542790643,2.111518542217098,0.9979296168617648,4,bio-short,1,2.7065,10.772568948517831
孝感,湖北,Hubei,113.7465290765036,30.8297829771286,0.2957074640251559,0.4108459683752083,1.131346112040894,8,vacuum,3,3.965,14.661230374143372
宜昌,湖北,Hubei,111.57690073199815,30.52618129444053,0.8892054468577744,4.46911059843256,0.6446080378615879,4,bio-short,1,1.483,5.790050605067407
常德,湖南,Hunan,111.66708987805255,29.371072925892413,0.5960259769951791,0.05061229725132995,0.8069981204568936,3,bio+sto-short,2,2.726,8.70985960685949
衡阳,湖南,Hunan,112.74370519670614,26.850810387037587,1.244167968698834,0.0,0.7835952239824354,5,sto-short,1,1.192,4.089572197782697
娄底,湖南,Hunan,111.686496165638,27.69652904754185,0.3044227963536022,0.0,0.7119405279337294,3,bio+sto-short,2,2.61,9.041707525126967
邵阳,湖南,Hunan,111.398676541824,27.2007561697679,0.94897562740728,0.0,0.695755896469225,3,bio+sto-short,2,1.32,4.293212290956383
湘潭,湖南,Hunan,112.924734719461,27.9007128157077,0.1561527852627015,0.0,1.366363840538532,8,vacuum,3,1.935,6.632712807649869
益阳,湖南,Hunan,112.272573548892,28.5983470422117,0.2529263301100199,0.0,1.051947564510127,8,vacuum,3,1.96,6.7193840394788396
永州,湖南,Hunan,111.496815599144,26.567375403865,0.6445154798990419,0.0,0.6353454210843129,3,bio+sto-short,2,2.0,5.883615687202684
岳阳,湖南,Hunan,113.207910919921,29.456183987015734,0.1966131986416531,0.0,0.9096817629074437,3,bio+sto-short,2,2.88,9.890085160354094
张家界,湖南,Hunan,110.131577053904,29.3812967230355,3.460809800380918,0.0,0.5663428902138047,5,sto-short,1,0.12,0.41664697049544286
长沙,湖南,Hunan,113.03470502848167,28.234960970399268,0.6141062930956525,0.0,0.7649475045183203,3,bio+sto-short,2,1.2495,4.039547057468974
株洲,湖南,Hunan,113.28501040105999,27.55051949020215,0.3888924969991664,0.0,0.7099994483480864,3,bio+sto-short,2,1.88,6.221534481119596
郴州,湖南,Hunan,113.22756485256866,25.966405945715,0.3795080283496712,0.0,0.6359480601252384,3,bio+sto-short,2,2.02,6.969397645864317
抚州,江西,Jiangxi,116.5799186340855,27.984572773983302,0.6328105627587579,0.0,0.5803779709285325,3,bio+sto-short,2,2.026,7.943069224166988
赣州,江西,Jiangxi,115.16277110368401,25.637289133684774,0.8650562822916422,0.0,0.5719486599690353,3,bio+sto-short,2,2.763,11.992252179664943
鹰潭,江西,Jiangxi,117.225080869424,28.2882009049481,0.1203750942769853,0.0,0.6417281016630539,3,bio+sto-short,2,1.88,8.684258299104286
吉安,江西,Jiangxi,115.319632963297,27.604831784388665,0.7449042058613272,0.0,0.7029296245120767,3,bio+sto-short,2,1.972,9.013806153360129
景德镇,江西,Jiangxi,117.171745380834,29.02745100749674,0.3799732331131621,0.0,0.5909760206821013,3,bio+sto-short,2,1.515,6.075648614675083
九江,江西,Jiangxi,116.1079339091119,29.724325665531445,0.2780280085367873,0.0,0.6869636655878143,3,bio+sto-short,2,4.0095,17.042719422270345
南昌,江西,Jiangxi,115.9409394564205,28.817319719811,0.2658203715152984,0.0,0.7636367435914739,3,bio+sto-short,2,1.52,6.035744926116455
萍乡,江西,Jiangxi,113.854900990874,27.692136545954074,0.3062081305301422,0.0,0.6450030080735937,3,bio+sto-short,2,1.351,5.316819376153658
上饶,江西,Jiangxi,117.62624830693801,28.6533787007014,0.8583393910353206,0.0,0.5822643614369476,3,bio+sto-short,2,1.326,5.753515631066042
新余,江西,Jiangxi,114.7620823355025,27.7762826651621,0.09175195531344003,0.0,0.71498395265285,3,bio+sto-short,2,2.3,10.632912363112608
宜春,江西,Jiangxi,115.27550926724956,28.099259969971676,0.5099479496106012,0.0,0.7450768694958346,3,bio+sto-short,2,2.918,12.3884917376058
阿拉善盟,内蒙古,Inner Mongolia,105.7438737229245,39.322445979790174,0.008421206433180305,10.04815454925774,0.5102783960790579,4,bio-short,1,1.717,8.060670959578747
巴彦淖尔,内蒙古,Inner Mongolia,107.57179032260437,40.80798851471416,0.306956907945192,1.87929177397967,1.017866129460839,6,bio+water-short,2,2.525,11.68234384150936
包头,内蒙古,Inner Mongolia,110.15279583876686,40.631677141384266,0.03313402596912547,1.205825863664926,1.014272945171454,6,bio+water-short,2,10.594,48.16591115994185
鄂尔多斯,内蒙古,Inner Mongolia,109.48167548860486,39.64469979340758,0.008313553401191033,0.9981885644655352,0.8976484161626339,3,bio+sto-short,2,25.753,114.52978002412733
呼和浩特,内蒙古,Inner Mongolia,111.62209417470417,40.50893111154971,0.04386798174956892,0.0,1.58040414858794,8,vacuum,3,11.348799999999999,51.748800926052
乌海,内蒙古,Inner Mongolia,106.7861416114901,39.501526185308734,0.0,0.0,9.98687187032542,8,vacuum,3,3.591,16.4730816164354
乌兰察布,内蒙古,Inner Mongolia,113.179295133265,40.91858359268772,0.10602765072951,0.8648096195415897,0.8311652067685686,3,bio+sto-short,2,9.082,42.14980390394578
锡林郭勒,内蒙古,Inner Mongolia,116.25245544749633,43.71532350928245,0.04007247981939798,30.36135420523727,0.5243256900511395,4,bio-short,1,13.752,60.193644827900265
昌吉,新疆,Xinjiang,88.50519994811894,44.46451860679159,0.04027899784877556,2.488393873174714,1.292830511594377,6,bio+water-short,2,28.602,122.52052695942594
克拉玛依,新疆,Xinjiang,84.94424157226294,44.9494698060761,0.02879494391159856,34.96203211711136,0.9141576118004662,4,bio-short,1,0.85,3.6417027571005693
哈密,新疆,Xinjiang,93.6789860479151,42.71480853082139,0.0212281608662178,15.35710006455264,0.5888045842063232,4,bio-short,1,8.32,35.57751054816871
乌鲁木齐,新疆,Xinjiang,87.68952420872448,43.956394135139604,0.02281351235876578,0.1874224579175781,1.215621849442886,8,vacuum,3,4.285,18.854447908552554
吐鲁番,新疆,Xinjiang,89.01781165376386,42.84653757421105,0.03684114046764731,126.8014706571199,0.657597939421154,4,bio-short,1,2.66,11.702815525973389
阿克苏,新疆,Xinjiang,80.94153898668948,41.30434185326668,0.74642193284983,247.0059236231531,1.148077361701445,6,bio+water-short,2,2.036,8.990641497424145
巴音郭楞,新疆,Xinjiang,86.7472446228759,41.27887644220533,0.3573523298035731,679.019149487184,0.5554922259281574,4,bio-short,1,1.8292,7.8472407914985745
塔城,新疆,Xinjiang,85.41239089151834,45.187232753428,0.6897227540799288,84.4815186677947,0.9991651837294538,4,bio-short,1,1.377,6.234241005388534
喀什,新疆,Xinjiang,76.0450007758071,39.4783972126117,0.9008076669297174,0.0,1.114859627350959,8,vacuum,3,0.7,2.986088802220644
伊犁,新疆,Xinjiang,82.56151159153883,44.09034111535838,0.3558353115592503,0.7373294715759255,0.8113940108330828,3,bio+sto-short,2,3.2635,14.344752779270175
和田,新疆,Xinjiang,79.905172317532,37.1670675336879,0.8236906295898947,490.8361984960324,0.579142765158592,4,bio-short,1,0.27,1.1798990494080683
博尔塔拉,新疆,Xinjiang,82.1443708190198,44.866611903912,31.96675713695451,0.0,1.056594009655386,7,sto+water-short,2,0.006,0.026299940648308696
宝鸡,陕西,Shaanxi,107.50468052409371,34.44777180713163,0.2450430449170549,0.0,0.7552648521868931,3,bio+sto-short,2,3.9205,15.553636860409512
渭南,陕西,Shaanxi,109.78361722822851,34.96930956138634,0.08444556029012536,0.06477402254495268,1.418291818851283,8,vacuum,3,8.03,31.856289392524424
汉中,陕西,Shaanxi,106.144720549067,33.3460381446394,0.7363859249569269,0.0,0.5904424479592546,3,bio+sto-short,2,0.66,2.6510257589080517
商洛,陕西,Shaanxi,110.059464051257,33.803958747321,0.4769023983872959,0.0,0.5557993020381868,3,bio+sto-short,2,1.32,4.674118220601349
铜川,陕西,Shaanxi,108.9316093943965,34.90781576936435,0.07534841204179037,0.04082629471211811,0.8508138439202149,3,bio+sto-short,2,1.9,7.758208277177111
西安,陕西,Shaanxi,108.864868400446,34.295719635703676,0.1087884689288947,0.0,1.416457444281083,8,vacuum,3,3.44,13.790278015667106
咸阳,陕西,Shaanxi,108.4571826946692,35.7759410388353,0.0989150864213342,0.02631174654404591,1.032513554136977,8,vacuum,3,3.01,12.070449029341724
榆林,陕西,Shaanxi,110.10587969300897,38.46414180380242,0.05822739982731931,0.9639320074915624,0.7205168243223454,3,bio+sto-short,2,22.363,87.87672745120656
固原,宁夏,Ningxia,106.2226397179785,36.105106477887546,0.6809112131653209,0.0,0.8728369302831065,3,bio+sto-short,2,0.69,3.2431739015364514
银川,宁夏,Ningxia,106.5474039114644,38.138631820377086,0.006594576626149587,0.1316585072427693,7.045819127810249,8,vacuum,3,18.857,81.46714208300497
石嘴山,宁夏,Ningxia,106.69059121302543,39.163341021772,0.01028699490201926,0.005237722943860586,4.496372523010082,8,vacuum,3,5.118,22.59302396909031
吴忠,宁夏,Ningxia,105.97713256020657,37.96110882851536,0.01781964844075215,0.0,3.930415917107809,8,vacuum,3,5.476,24.357497059847233
中卫,宁夏,Ningxia,105.46993990753775,37.5702416536869,0.07009770255468649,0.0,1.939238526429197,8,vacuum,3,1.441,6.446165347884552
石河子,新疆,Xinjiang,86.08429707953898,44.372700899971086,0.004137922149397961,1.051982496570403,9.251715616316124,6,bio+water-short,2,5.61,25.269157153960027
铁门关,新疆,Xinjiang,86.5142378516169,42.149491807872,0.5564789710959123,0.0,0.7245379753758825,3,bio+sto-short,2,0.27,1.2275779100820892
白杨,新疆,Xinjiang,83.6003431369463,46.522261436376,14.35237693649131,0.0,1.531582277333195,7,sto+water-short,2,0.03,0.13159990493022725
五家渠,新疆,Xinjiang,87.59594282593545,44.27382541065565,0.01291419798360827,2.442775125415595,1.496824706974239,6,bio+water-short,2,3.76,16.45945895036104
图木舒克,新疆,Xinjiang,79.0350195131245,39.840236295633,0.1110810151964229,0.0,0.6090680099927951,3,bio+sto-short,2,0.7,2.986261956339637
北屯,新疆,Xinjiang,87.7286025426689,47.2882490177924,0.112539666851131,0.0,3.051825174024857,8,vacuum,3,0.27,1.1719335555459478
可克达拉,新疆,Xinjiang,81.28457085267797,43.874218522759,1.002999806351882,0.0,0.8075878604658969,5,sto-short,1,0.64,2.847923232926761
双河,新疆,Xinjiang,82.2754192549866,44.8278357818532,0.07573599701137687,0.0,1.601789596345021,8,vacuum,3,0.3,1.3636471794237073
阿拉尔,新疆,Xinjiang,81.20432755971771,40.5977333481805,0.2797269007926965,45.50814552431352,0.599322353453604,4,bio-short,1,0.706,3.012847307304066
白银,甘肃,Gansu,104.4804517368665,36.8039151717738,0.04401735466999836,0.0,1.052737702251517,8,vacuum,3,4.22,15.197213649649473
嘉峪关,甘肃,Gansu,98.3069221903626,39.7942219968872,0.0,0.0,6.753962829685388,8,vacuum,3,3.073,11.223631689851036
金昌,甘肃,Gansu,102.17788801990667,38.45505601840647,0.05050365949909692,0.0,1.746601197343568,8,vacuum,3,1.65,6.187748430656324
酒泉,甘肃,Gansu,97.4982953147449,40.1674756833972,0.0411790404120182,0.0652682142984428,0.6595813186123969,3,bio+sto-short,2,2.66,8.911642491612128
兰州,甘肃,Gansu,103.69517461354,36.2872793025191,0.06237829355550582,0.0,1.339126216472515,8,vacuum,3,3.35,12.275922535808633
平凉,甘肃,Gansu,106.75716866880066,35.32433096515714,0.0799208201207811,0.00410882061524609,0.8682490254558638,3,bio+sto-short,2,4.115,14.924733853627464
武威,甘肃,Gansu,102.6878413336085,37.88783084276875,0.4022829686679722,0.0,1.188354837851935,8,vacuum,3,0.712,2.5309087402490555
张掖,甘肃,Gansu,100.462481806672,39.0667155495467,0.4446375106096317,0.1937843364899246,1.264036547953044,8,vacuum,3,0.65,2.369639416323442
海北藏族自治州,青海,Qinghai,100.911864645328,36.9726282967566,0.1098761423826132,0.0,0.5470900921207897,3,bio+sto-short,2,0.27,0.8766669883640908
海西蒙古族藏族自治州,青海,Qinghai,95.76769388665343,37.20154881544303,0.00797428668196873,998.4508512221878,0.5087717005280759,4,bio-short,1,0.615,1.992871368816814
西宁,青海,Qinghai,101.65842013576221,36.784524372447535,0.03134960516036529,0.0,1.421451300805164,8,vacuum,3,2.8975,8.780346817018378
重庆,重庆,Chongqing,107.13464798822707,29.73931783327867,0.3133455414503005,0.4308828928935717,0.603915115464044,3,bio+sto-short,2,15.254,45.918590093159594
成都,四川,Sichuan,103.97328861301234,30.371832116229132,0.533833132781147,1.983006685226999,0.8391643847786682,4,bio-short,1,1.263,3.0636850922163585
达州,四川,Sichuan,107.32379117710025,31.0813735948993,0.7513553660743238,2.169872409053309,0.6462905610027401,4,bio-short,1,1.224,2.9698555147116346
德阳,四川,Sichuan,104.222360712366,31.0513215810207,6.678303632249382,21.84371896464674,1.137474880258601,2,water-short,1,0.0315,0.07619984536554494
广安,四川,Sichuan,106.82418980778,30.5285577859104,0.115854556667329,0.2734726531543703,0.7568890508748201,3,bio+sto-short,2,2.57,6.236010967650448
广元,四川,Sichuan,106.195385291159,32.2115683175782,40.34056777303653,102.3427212656537,0.598034498548061,1,bio+sto+water-rich,0,0.018,0.04375271251667154
乐山,四川,Sichuan,103.82578344446664,29.373030847631927,2.474102187103436,4.947157808789873,0.5804217958905683,1,bio+sto+water-rich,0,0.355,0.8628764541119123
泸州,四川,Sichuan,105.54626073569084,28.593074182568685,0.5289555764583632,1.532475473178506,0.6369520560431969,4,bio-short,1,1.2935999999999999,2.9631590319945
眉山,四川,Sichuan,103.529050044573,30.0177874184636,11.90792732644515,38.69371933797073,0.8093959688367802,1,bio+sto+water-rich,0,0.009,0.02186752801494484
绵阳,四川,Sichuan,104.67013309840475,31.747474957575125,0.3361149272795835,0.5456722386802798,0.6499178446166439,3,bio+sto-short,2,3.2705,7.204771862892413
南充,四川,Sichuan,106.074991811087,30.6259620542157,17.25593056587156,50.95499212299175,0.7709363878037495,1,bio+sto+water-rich,0,0.025,0.060746080179911316
内江,四川,Sichuan,105.048426714798,29.53966474496225,0.3199754140586154,0.589937631630957,0.7916759102959117,3,bio+sto-short,2,1.0,2.4266107325428545
攀枝花,四川,Sichuan,101.677235925551,26.569365264384,1.462260339592325,0.0,0.5995299824137248,5,sto-short,1,0.3,0.7257288168377759
遂宁,四川,Sichuan,105.44737872694651,30.53899917406705,44.07212308069087,135.9152689949633,0.8043240299558532,1,bio+sto+water-rich,0,0.009,0.021869335992725874
宜宾,四川,Sichuan,104.8093650951148,28.611341594521257,0.2328532185490483,0.6692496502122195,0.6565126660891756,3,bio+sto-short,2,2.607,5.965442278778825
自贡,四川,Sichuan,104.4572440134085,29.41476552565355,17.05900699621239,50.56974344802151,0.8358063347285776,1,bio+sto+water-rich,0,0.015,0.03644467739462308
潮州,广东,Guangdong,117.096934399648,23.5662294151171,0.01917636244877894,0.0,0.6648521426218291,3,bio+sto-short,2,3.2,11.19986832904584
东莞,广东,Guangdong,113.65312443008294,23.018356163598863,0.00385705779000459,0.0,1.289754655682464,8,vacuum,3,4.179,15.586671158922089
佛山,广东,Guangdong,112.99302255960325,22.948522330509636,0.02415272450279545,0.0,1.217925277703993,8,vacuum,3,3.131,11.416165341222491
广州,广东,Guangdong,113.52797911477,22.8721142385169,0.03300403250774498,0.0,1.834642800134345,8,vacuum,3,3.753,14.018037556723373
河源,广东,Guangdong,114.6409094228175,23.5671112076445,0.3090341417016002,0.0,0.5750609235896336,3,bio+sto-short,2,3.2,10.2207179655435
惠州,广东,Guangdong,114.437788685142,22.825973754295962,0.1760973069091567,0.0,0.6499911714278961,3,bio+sto-short,2,2.663,8.804510088520995
江门,广东,Guangdong,113.03853435252161,22.294989941969078,0.07400387595032884,0.0,0.7350710806868608,3,bio+sto-short,2,5.515,20.50427543097691
揭阳,广东,Guangdong,116.547513979434,23.0061653827901,0.0,0.0,0.6595558500906735,3,bio+sto-short,2,3.2,11.192752876454716
茂名,广东,Guangdong,111.04202217495367,21.56385470965863,0.2340936051169126,0.0,0.7425145189471367,3,bio+sto-short,2,3.23,10.959324684384413
梅州,广东,Guangdong,116.33981458914967,24.4947973861064,0.4309113109884444,0.0,0.6084628322751986,3,bio+sto-short,2,2.676,9.387733240902532
汕头,广东,Guangdong,116.65055261943,23.2697678493289,0.002639679260976319,0.0,1.010516155608481,8,vacuum,3,5.472,18.22442801728243
汕尾,广东,Guangdong,115.7687883649665,22.76857713020015,0.05038229458442784,0.0,0.7178404084666334,3,bio+sto-short,2,4.52,15.151249681363666
韶关,广东,Guangdong,113.6178228114828,24.9880861032752,0.3552226886235795,0.0,0.6100934244367242,3,bio+sto-short,2,3.98,14.644752733819765
深圳,广东,Guangdong,114.457070832294,22.6170825339584,0.02539474152531402,0.0,0.7403925328246831,3,bio+sto-short,2,4.06,13.941382777861943
阳江,广东,Guangdong,111.662987112855,21.5480357910793,0.1605173194221846,0.0,0.6540090796474777,3,bio+sto-short,2,2.52,8.811194621696782
云浮,广东,Guangdong,111.94296434795667,22.91681678225483,0.3614621000971004,0.0,0.6550984098320056,3,bio+sto-short,2,1.66,6.233086381077623
湛江,广东,Guangdong,110.21408092478922,21.12646363175828,0.1085875640974347,12.48839100775424,0.7754367664766998,4,bio-short,1,4.885,17.071823332222635
肇庆,广东,Guangdong,112.852217724962,23.3003179571103,0.1661940358767396,0.0,0.6176721417543792,3,bio+sto-short,2,0.7,2.4704423691437714
中山,广东,Guangdong,113.318914530347,22.6977174555735,0.01111849820567353,0.0,0.9748302424490297,3,bio+sto-short,2,0.6,2.2548933266395013
珠海,广东,Guangdong,113.18900917019901,21.97475258289897,0.0,0.0,0.9246742702088987,3,bio+sto-short,2,2.624,9.182391737525126
百色,广西,Guangxi,106.98549230494328,23.52364861527385,0.5080260624796136,0.0,0.6188922150858077,3,bio+sto-short,2,4.273,14.06623685888629
北海,广西,Guangxi,109.45746845335525,21.547616255772375,0.1028617710668741,0.0,0.6530147120786207,3,bio+sto-short,2,2.0445,6.928091007321975
崇左,广西,Guangxi,106.815824215484,22.441230108403,3.502587510731589,0.0,0.6668007858825376,5,sto-short,1,0.03,0.10280124022446806
防城港,广西,Guangxi,108.40826170756824,21.697051786763673,0.3508470983657585,0.0,0.5629108943943764,3,bio+sto-short,2,2.693,8.588613058144663
贵港,广西,Guangxi,109.80452012402667,23.171777218480134,0.9371916782304659,0.0,0.757773643436084,3,bio+sto-short,2,1.284,4.089960196089047
桂林,广西,Guangxi,110.068596525022,25.1012623562476,2.865978099572951,0.0,0.5737346249552405,5,sto-short,1,0.64,2.1926794010902553
河池,广西,Guangxi,108.74182923663301,24.50549896431565,52.67076092278072,0.0,0.5533097393915077,5,sto-short,1,0.012,0.043093682128151234
贺州,广西,Guangxi,111.5046834738535,24.3842551123522,0.8066157476616769,0.0,0.6735056435997694,3,bio+sto-short,2,2.79,8.304991893511197
来宾,广西,Guangxi,109.04351832964333,23.625646483653355,0.5849367260669024,0.0,0.7207556215281434,3,bio+sto-short,2,2.731,9.248796794035687
柳州,广西,Guangxi,109.47303431180266,24.5154596605033,1.458919517403636,0.0,0.6084402030034884,5,sto-short,1,0.727,2.3393916220456368
南宁,广西,Guangxi,108.92546853147401,22.948012106002167,0.8082870239987284,0.0,0.863073856299135,3,bio+sto-short,2,1.365,4.349109751008802
钦州,广西,Guangxi,108.63466232358367,21.714180528883933,0.04781474814736238,0.0,0.6502676359160561,3,bio+sto-short,2,3.566,11.413906174894148
玉林,广西,Guangxi,110.039243934194,22.5164893460985,26.94802193973872,0.0,0.6468635826143826,5,sto-short,1,0.054799999999999995,0.18781878345126066
安顺,贵,Guizhou,105.6862062750355,26.2187482258732,0.1279711198692252,0.0,0.5662776268780014,3,bio+sto-short,2,1.26,4.659487234112406
毕节,贵,Guizhou,105.74351838686613,27.0618622210249,0.07303695258785228,0.0,0.9773172328146165,3,bio+sto-short,2,9.6,34.65052981854775
贵阳,贵,Guizhou,106.45542644904424,26.845030030820226,0.2064650203271421,0.0,0.6557316835333504,3,bio+sto-short,2,1.298,4.535931190527206
六盘水,贵,Guizhou,104.70054152344885,25.985992148765817,0.03530756600068455,0.0,0.579784394609165,3,bio+sto-short,2,8.145,29.055890669434483
黔东南,贵,Guizhou,108.271848364517,26.88394532348555,0.9825201129569417,0.0,0.5536554800480945,3,bio+sto-short,2,1.215,4.489125124911116
黔南,贵,Guizhou,107.5296083380355,26.63325617538915,0.2731833636969387,0.0,0.5481194730095691,3,bio+sto-short,2,1.35,4.690671102329931
黔西南,贵,Guizhou,105.11515299035159,25.30404719180412,0.1080291849312394,0.0,0.5450267399386074,3,bio+sto-short,2,5.32,18.441905993377702
铜仁,贵,Guizhou,109.014187543652,27.2956101570101,0.6058784759402104,0.0,0.544709332616823,3,bio+sto-short,2,0.6,2.2177103344375957
遵义,贵,Guizhou,106.52221343451372,28.0355302337195,0.2219987415896247,0.06861976031229454,0.5661230083749352,3,bio+sto-short,2,4.6535,16.634523461749875
红河哈尼族彝族自治州,云南,Yunnan,103.20222253517899,23.845764843819335,0.3425413746882057,0.0,0.5795688977068826,3,bio+sto-short,2,1.8,3.0903868244696935
昆明,云南,Yunnan,102.91097439151366,25.26254666142242,0.4515680674308308,0.0,0.6508128815220938,3,bio+sto-short,2,1.7875,3.073260541560948
临沧,云南,Yunnan,99.4316682880794,23.3622168138122,44.61126014401987,0.0,0.5337496301177583,5,sto-short,1,0.023,0.03922139661463188
曲靖,云南,Yunnan,104.17567767540814,25.556047873999983,0.122840049513366,0.0,0.5905281679310193,3,bio+sto-short,2,6.805,11.621903083651723
文山,云南,Yunnan,104.141229533564,23.4450488382207,67.20690113604905,0.0,0.5409213021717404,5,sto-short,1,0.012,0.020727322657391842
玉溪,云南,Yunnan,102.1411885694665,24.019359690950452,53.04931468961857,0.0,0.5960643853528385,5,sto-short,1,0.012,0.020530906746636476
昭通,云南,Yunnan,104.912918422335,27.6888345799889,0.1070971365868051,0.04113556009426205,0.5427536196301773,3,bio+sto-short,2,2.4,3.8926661372207767
澄迈,海南,Hainan,110.032531844335,19.9598900973848,0.2595791763557197,116.3458507202287,0.5142510092732956,4,bio-short,1,0.66,2.819705776048234
东方,海南,Hainan,108.636330724765,19.0492638617661,0.1462782648429276,0.0,0.5504150696798857,3,bio+sto-short,2,1.4,5.625696446951448
乐东,海南,Hainan,108.682660953596,18.5403200203888,0.4117811821033174,0.0,0.5114621531671503,3,bio+sto-short,2,0.7,2.8125407800896967
儋州,海南,Hainan,109.183455294047,19.7733135851415,0.1525707296983862,3.637463203213729,0.5764350804138897,4,bio-short,1,0.81,3.5033164985260576
